Name,IconSWF,IconExportName,Target,LockedForChronos,DynamicRarityStartSeason,MetaType,RequiresCard,Type,Skill,Value,Value2,Value3,Rarity,TID,PowerNumberTID,PowerNumber2TID,PowerNumber3TID,PowerIcon1ExportName,PowerIcon2ExportName,SortOrder,DontUpgradeStat,HideDamageStat
String,String,String,String,boolean,int,int,String,String,String,int,int,int,String,String,String,String,String,String,String,int,boolean,boolean
ShotgunGirl_unlock,sc/ui.sc,,ShotgunGirl,,,0,,unlock,,,,,common,,,,,,,101,,
ShotgunGirl_hp,sc/ui.sc,health_icon,ShotgunGirl,,,1,,hp,,,,,common,TID_ARMOR,TID_ARMOR_STAT,,,genicon_health,,,,
ShotgunGirl_abi,sc/ui.sc,attack_icon,ShotgunGirl,,,2,,skill,ShotgunGirlWeapon,,,,common,TID_LONG_RANGE_SHOTGUN,TID_STAT_DAMAGE_PER_SHELL,,,genicon_damage,,,,
ShotgunGirl_ulti,sc/ui.sc,ulti_icon,ShotgunGirl,,,3,,skill,ShotgunGirlUlti,,,,common,TID_MEGA_BLASH_ULTI,TID_STAT_DAMAGE_PER_SHELL,,,genicon_damage,,,,
ShotgunGirl_unique,sc/ui.sc,,ShotgunGirl,,,4,,freeze,,60,350,,common,TID_SPEC_ABI_FREEZE,,,,genicon_health,,,,
ShotgunGirl_unique_2,sc/ui.sc,,ShotgunGirl,,,4,,medikit,,40,1800,20000,common,TID_SPEC_ABI_MEDIKIT,,,,genicon_health,,,,
ShotgunGirl_unique_3,sc/ui.sc,icon_sp_shelly_3,ShotgunGirl,,,4,,super_range,,7,40,,common,TID_SPEC_SUPER_RANGE,,,,genicon_health,,,,
ShotgunGirl_Dash,sc/ui.sc,icon_item_shelly_1,ShotgunGirl,,,5,,accessory,ShotgunGirl_Dash,0,,,common,TID_ACCESSORY_SHELLY_DASH,,,,genicon_health,,,,
ShotgunGirl_Focus,sc/ui.sc,icon_item_shelly_2,ShotgunGirl,,,5,,accessory,ShotgunGirl_Focus,0,,,common,TID_ACCESSORY_SHELLY_FOCUS,,,,genicon_health,,,,
Gunslinger_unlock,sc/ui.sc,,Gunslinger,,,0,,unlock,,,,,common,,,,,,,103,,
Gunslinger_hp,sc/ui.sc,health_icon,Gunslinger,,,1,,hp,,,,,common,TID_ARMOR,TID_ARMOR_STAT,,,genicon_health,,,,
Gunslinger_abi,sc/ui.sc,attack_icon,Gunslinger,,,2,,skill,GunslingerWeapon,,,,common,TID_RAPID_FIRE,TID_STAT_DAMAGE_PER_SHOT,,,genicon_damage,,,,
Gunslinger_ulti,sc/ui.sc,ulti_icon,Gunslinger,,,3,,skill,GunslingerUlti,,,,common,TID_RAPID_FIRE_ULTI,TID_STAT_DAMAGE_PER_SHOT,,,genicon_damage,,,,
Gunslinger_unique,sc/ui.sc,,Gunslinger,,,4,,speed,,75,,,common,TID_SPEC_ABI_SPEED,,,,genicon_health,,,,
Gunslinger_unique_2,sc/ui.sc,,Gunslinger,,,4,,attack_range,,3,,,common,TID_SPEC_ABI_ATTACK_RANGE,,,,genicon_health,,,,
Gunslinger_unique_3,sc/ui.sc,icon_sp_spawner_2,Gunslinger,,,4,,armor,,2000,,,common,TID_SPEC_ABI_ARMOR,,,,genicon_health,,,,
Gunslinger_Reload,sc/ui.sc,icon_item_colt_1,Gunslinger,,,5,,accessory,Gunslinger_Reload,11,,,common,TID_ACCESSORY_GUNSLINGER_RELOAD,,,,genicon_health,,,,
Gunslinger_Seeker,sc/ui.sc,icon_item_piper_2,Gunslinger,,,5,,accessory,Gunslinger_Seeker,0,,,common,TID_ACCESSORY_SNIPER_SEEKER,,,,genicon_health,,,,
BullDude_unlock,sc/ui.sc,,BullDude,,,0,,unlock,,,,,common,,,,,,,104,,
BullDude_hp,sc/ui.sc,health_icon,BullDude,,,1,,hp,,,,,common,TID_ARMOR,TID_ARMOR_STAT,,,genicon_health,,,,
BullDude_abi,sc/ui.sc,attack_icon,BullDude,,,2,,skill,BullDudeWeapon,,,,common,TID_SHOTGUN_BLAST,TID_STAT_DAMAGE_PER_SHELL,,,genicon_damage,,,,
BullDude_ulti,sc/ui.sc,ulti_icon,BullDude,,,3,,skill,BullDudeUlti,,,,common,TID_CHARGE,TID_STAT_DAMAGE,,,genicon_damage,,,,
BullDude_unique,sc/ui.sc,,BullDude,,,4,,berserker,,40,,,common,TID_SPEC_ABI_BERSERKER,,,,genicon_health,,,,
BullDude_unique_2,sc/ui.sc,,BullDude,,,4,,low_health_shield,,40,30,,common,TID_SPEC_ABI_LOW_HEALTH_SHIELD,,,,genicon_health,,,,
BullDude_unique_3,sc/ui.sc,icon_sp_bull_3,BullDude,,,4,,immune_to_cc,,1,,,common,TID_SPEC_ABI_IMMUNE_TO_CC,,,,genicon_health,,,,
BullDude_Heal,sc/ui.sc,icon_item_bull_1,BullDude,,,5,,accessory,BullDude_Heal,5,,,common,TID_ACCESSORY_BULL_HEAL,,,,genicon_health,,,,
BullDude_Stomp,sc/ui.sc,icon_item_barley_1,BullDude,,,5,,accessory,BullDude_Stomp,26,,,common,TID_ACCESSORY_BULL_STOMP,,,,genicon_health,,,,
RocketGirl_unlock,sc/ui.sc,,RocketGirl,,,0,,unlock,,,,,common,,,,,,,106,,
RocketGirl_hp,sc/ui.sc,health_icon,RocketGirl,,,1,,hp,,,,,common,TID_ARMOR,TID_ARMOR_STAT,,,genicon_health,,,,
RocketGirl_abi,sc/ui.sc,attack_icon,RocketGirl,,,2,,skill,RocketGirlWeapon,,,,common,TID_FIREWORKS_WEAPON,TID_STAT_DAMAGE,,,genicon_damage,,,,
RocketGirl_ulti,sc/ui.sc,ulti_icon,RocketGirl,,,3,,skill,RocketGirlUlti,,,,common,TID_FIREWORKS_ULTI,TID_STAT_MISSILE_DAMAGE,,,genicon_damage,,,,
RocketGirl_unique,sc/ui.sc,,RocketGirl,,,4,,main_attack_burn,,600,,,common,TID_SPEC_BURN,,,,genicon_health,,,,
RocketGirl_unique_2,sc/ui.sc,,RocketGirl,,,4,,extra_bullet,,1,,,common,TID_SPEC_EXTRA_BULLET,,,,genicon_health,,,,
RocketGirl_unique_3,sc/ui.sc,icon_sp_spawner_2,RocketGirl,,,4,,shield_ulti,,30,,,common,TID_SPEC_SHIELD_ULTI,,,,genicon_health,,,,
RocketGirl_Jump,sc/ui.sc,icon_item_brock_1,RocketGirl,,,5,,accessory,RocketGirl_Jump,3,,,common,TID_ACCESSORY_ROCKET_JUMP,,,,genicon_health,,,,
TrickshotDude_unlock,sc/ui.sc,,TrickshotDude,,,0,,unlock,,,,,super_rare,,,,,,,301,,
TrickshotDude_hp,sc/ui.sc,health_icon,TrickshotDude,,,1,,hp,,,,,common,TID_ARMOR,TID_ARMOR_STAT,,,genicon_health,,,,
TrickshotDude_abi,sc/ui.sc,attack_icon,TrickshotDude,,,2,,skill,TrickshotDudeWeapon,,,,common,TID_TRICKSHOT_DUDE_WEAPON,TID_STAT_DAMAGE_PER_SHOT,,,genicon_damage,,,,
TrickshotDude_ulti,sc/ui.sc,ulti_icon,TrickshotDude,,,3,,skill,TrickshotDudeUlti,,,,common,TID_TRICKSHOT_DUDE_ULTI,TID_STAT_DAMAGE_PER_SHOT,,,genicon_damage,,,,
TrickshotDude_unique,sc/ui.sc,,TrickshotDude,,,4,,bounced_bullets_stronger,,100,,,common,TID_SPEC_BOUNCED_BULLETS_STRONGER,,,,genicon_health,,,,
TrickshotDude_unique_2,sc/ui.sc,,TrickshotDude,,,4,,speed_low_health,,250,40,,common,TID_SPEC_ABI_SPEED_LOW_HEALTH,,,,genicon_health,,,,
TrickshotDude_ShootAround,sc/ui.sc,icon_item_ricochet_1,TrickshotDude,,,5,,accessory,TrickshotDude_ShootAround,0,,,common,TID_ACCESSORY_RICO_SHOOT_AROUND,,,,genicon_health,,,,
Cactus_unlock,sc/ui.sc,,Cactus,,,0,,unlock,,,,,legendary,,,,,,,601,,
Cactus_hp,sc/ui.sc,health_icon,Cactus,,,1,,hp,,,,,common,TID_ARMOR,TID_ARMOR_STAT,,,genicon_health,,,,
Cactus_abi,sc/ui.sc,attack_icon,Cactus,,,2,,skill,CactusWeapon,,,,common,TID_CACTUS_WEAPON,TID_STAT_DAMAGE_PER_SPIKE,,,genicon_damage,,,,
Cactus_ulti,sc/ui.sc,ulti_icon,Cactus,,,3,,skill,CactusUlti,,,,common,TID_CACTUS_ULTI,TID_STAT_DAMAGE_PER_SECOND,,,genicon_damage,,,,
Cactus_unique,sc/ui.sc,,Cactus,,,4,,cactus_heal,,800,,,common,TID_SPEC_ABI_CACTUS_HEAL,,,,genicon_health,,,,
Cactus_unique_2,sc/ui.sc,,Cactus,,,4,,curve_ball,,75,150,,common,TID_SPEC_ABI_CURVEBALL,,,,genicon_health,,,,
Cactus_unique_3,sc/ui.sc,icon_sp_spawner_2,Cactus,,,4,,spikes_low_health,,40,672,20,common,TID_SPEC_ABI_SPIKES_LOW_HEALTH,,,,genicon_health,,,,
Cactus_ShootAround,sc/ui.sc,icon_item_spike_1,Cactus,,,5,,accessory,Cactus_ShootAround,4,,,common,TID_ACCESSORY_CACTUS_SHOOT_AROUND,,,,genicon_health,,,,
Barkeep_unlock,sc/ui.sc,,Barkeep,,,0,,unlock,,,,,rare,,,,,,,202,,
Barkeep_hp,sc/ui.sc,health_icon,Barkeep,,,1,,hp,,,,,common,TID_ARMOR,TID_ARMOR_STAT,,,genicon_health,,,,
Barkeep_abi,sc/ui.sc,attack_icon,Barkeep,,,2,,skill,BarkeepWeapon,,,,common,TID_BARKEEP_WEAPON,TID_STAT_DAMAGE_PER_SECOND,,,genicon_damage,,,,
Barkeep_ulti,sc/ui.sc,ulti_icon,Barkeep,,,3,,skill,BarkeepUlti,,,,common,TID_BARKEEP_ULTI,TID_STAT_DAMAGE_PER_SECOND_EACH,,,genicon_damage,,,,
Barkeep_unique,sc/ui.sc,,Barkeep,,,4,,heal_self_main_attack,,400,,,common,TID_SPEC_ABI_HEAL_SELF_MAIN_ATTACK,,,,genicon_health,,,,
Barkeep_unique_2,sc/ui.sc,,Barkeep,,,4,,damage_main_attack,,140,,,common,TID_SPEC_ABI_DAMAGE_MAIN_ATTACK,,,,genicon_health,,,,
Barkeep_Slow,sc/ui.sc,icon_item_barley_1,Barkeep,,,5,,accessory,Barkeep_Slow,0,,,common,TID_ACCESSORY_BARKEEP_SLOW,,,,genicon_health,,,,
Barkeep_HealPotion,sc/ui.sc,icon_item_barley_2,Barkeep,,,5,,accessory,Barkeep_HealPotion,16,,,common,TID_ACCESSORY_BARKEEP_HEAL_POTION,,,,genicon_health,,,,
Mechanic_unlock,sc/ui.sc,,Mechanic,,,0,,unlock,,,,,common,,,,,,,105,,
Mechanic_hp,sc/ui.sc,health_icon,Mechanic,,,1,,hp,,,,,common,TID_ARMOR,TID_ARMOR_STAT,,,genicon_health,,,,
Mechanic_abi,sc/ui.sc,attack_icon,Mechanic,,,2,,skill,MechanicWeapon,,,,common,TID_MECHANIC_WEAPON,TID_STAT_DAMAGE,,,genicon_damage,,,,
Mechanic_ulti,sc/ui.sc,ulti_icon,Mechanic,,,3,,skill,MechanicUlti,,,,common,TID_MECHANIC_ULTI,TID_TURRET_DAMAGE,TID_TURRET_HEALTH,,genicon_damage,genicon_health,,,
Mechanic_unique,sc/ui.sc,,Mechanic,,,4,,repair_turret,,800,,,common,TID_SPEC_ABI_REPAIR_TURRET,,,,genicon_health,,,,
Mechanic_unique_2,sc/ui.sc,,Mechanic,,,4,,turret_electricity,,1,,,common,TID_SPEC_ABI_TURRET_ELECTRICITY,,,,genicon_health,,,,
Mechanic_unique_3,sc/ui.sc,icon_sp_spawner_2,Mechanic,,,4,,walking_turret,,600,,,common,TID_SPEC_ABI_WALKING_TURRET,,,,genicon_health,,,,
Mechanic_Slow,sc/ui.sc,icon_item_jessie_1,Mechanic,,,5,,accessory,Mechanic_Slow,0,,,common,TID_ACCESSORY_JESSIE_SLOW,,,,genicon_health,,,,
Mechanic_TurretBuff,sc/ui.sc,icon_item_jessie_2,Mechanic,,,5,,accessory,Mechanic_TurretBuff,9,,,common,TID_ACCESSORY_MECHANIC_TURRET_BUFF,,,,genicon_health,,,,
Shaman_unlock,sc/ui.sc,,Shaman,,,0,,unlock,,,,,common,,,,,,,102,,
Shaman_hp,sc/ui.sc,health_icon,Shaman,,,1,,hp,,,,,common,TID_ARMOR,TID_ARMOR_STAT,,,genicon_health,,,,
Shaman_abi,sc/ui.sc,attack_icon,Shaman,,,2,,skill,ShamanWeapon,,,,common,TID_SHAMAN_WEAPON,TID_STAT_DAMAGE,,,genicon_damage,,,,
Shaman_ulti,sc/ui.sc,ulti_icon,Shaman,,,3,,skill,ShamanUlti,,,,common,TID_SHAMAN_ULTI,TID_BEAR_DAMAGE,TID_BEAR_HEALTH,,genicon_damage,genicon_health,,,
Shaman_unique,sc/ui.sc,,Shaman,,,4,,pet_lifesteal,,500,500,,common,TID_SPEC_ABI_PET_LIFESTEAL,,,,genicon_health,,,,
Shaman_unique_2,sc/ui.sc,,Shaman,,,4,,pet_attack_speed,,60,,,common,TID_SPEC_ABI_PET_ATTACK_SPEED,,,,genicon_health,,,,
Shaman_PetSlam,sc/ui.sc,icon_item_nita_1,Shaman,,,5,,accessory,Shaman_PetSlam,0,,,common,TID_ACCESSORY_PET_SLAM,,,,genicon_health,,,,
TntDude_unlock,sc/ui.sc,,TntDude,,,0,,unlock,,,,,common,,,,,,,107,,
TntDude_hp,sc/ui.sc,health_icon,TntDude,,,1,,hp,,,,,common,TID_ARMOR,TID_ARMOR_STAT,,,genicon_health,,,,
TntDude_abi,sc/ui.sc,attack_icon,TntDude,,,2,,skill,TntDudeWeapon,,,,common,TID_MORTAR,TID_STAT_PER_DYNAMITE,,,genicon_damage,,,,
TntDude_ulti,sc/ui.sc,ulti_icon,TntDude,,,3,,skill,TntDudeUlti,,,,common,TID_MORTAR_ULTI,TID_STAT_DAMAGE,,,genicon_damage,,,,
TntDude_unique,sc/ui.sc,,TntDude,,,4,,pushback_self,,972,,,common,TID_SPEC_ABI_PUSHBACK_SELF,,,,genicon_health,,,,
TntDude_unique_2,sc/ui.sc,,TntDude,,,4,,gain_damage_super,,1000,,,common,TID_SPEC_ABI_SUPER_DAMAGE,,,,genicon_health,,,,
TntDude_unique_3,sc/ui.sc,icon_sp_spawner_2,TntDude,,,4,,pet,,1,,,common,TID_SPEC_ABI_PET,,,,genicon_health,,,,
TntDude_Spin,sc/ui.sc,icon_item_dynamike_1,TntDude,,,5,,accessory,TntDude_Spin,7,,,common,TID_ACCESSORY_TNT_SPIN,,,,genicon_health,,,,
TntDude_Stun,sc/ui.sc,icon_item_dynamike_2,TntDude,,,5,,accessory,TntDude_Stun,17,,,common,TID_ACCESSORY_TNT_STUN,,,,genicon_health,,,,
Luchador_unlock,sc/ui.sc,,Luchador,,,0,,unlock,,,,,rare,,,,,,,201,,
Luchador_hp,sc/ui.sc,health_icon,Luchador,,,1,,hp,,,,,common,TID_ARMOR,TID_ARMOR_STAT,,,genicon_health,,,,
Luchador_abi,sc/ui.sc,attack_icon,Luchador,,,2,,skill,LuchadorWeapon,,,,common,TID_LUCHADOR_WEAPON,TID_STAT_DAMAGE_PER_STRIKE,,,genicon_damage,,,,
Luchador_ulti,sc/ui.sc,ulti_icon,Luchador,,,3,,skill,LuchadorUlti,,,,common,TID_LUCHADOR_ULTI,TID_STAT_DAMAGE,,,genicon_damage,,,,
Luchador_unique,sc/ui.sc,,Luchador,,,4,,fire_dot_ulti,,1200,,,common,TID_SPEC_ABI_FIRE_DOT_ULTI,,,,genicon_health,,,,
Luchador_unique_2,sc/ui.sc,,Luchador,,,4,,speed_after_ulti,,200,80,,common,TID_SPEC_ABI_SPEED_AFTER_ULTI,,,,genicon_health,,,,
Luchador_unique_3,sc/ui.sc,icon_sp_spawner_2,Luchador,,,4,,grow_from_damage,,500,2880,,common,TID_SPEC_ABI_GROW_FROM_DAMAGE,,,,genicon_health,,,,
Luchador_Grab,sc/ui.sc,icon_item_elprimo_1,Luchador,,,5,,accessory,Luchador_Grab,0,,,common,TID_ACCESSORY_PRIMO_GRAB,,,,genicon_health,,,,
Luchador_Meteor,sc/ui.sc,icon_item_elprimo_2,Luchador,,,5,,accessory,Luchador_Meteor,1,,,common,TID_ACCESSORY_LUCHADOR_METEOR,,,,genicon_health,,,,
Undertaker_unlock,sc/ui.sc,,Undertaker,,,0,,unlock,,,,,mega_epic,,,,,,,501,,
Undertaker_hp,sc/ui.sc,health_icon,Undertaker,,,1,,hp,,,,,common,TID_ARMOR,TID_ARMOR_STAT,,,genicon_health,,,,
Undertaker_abi,sc/ui.sc,attack_icon,Undertaker,,,2,,skill,UndertakerWeapon,,,,common,TID_UNDERTAKER_WEAPON,TID_STAT_DAMAGE,,,genicon_damage,,,,
Undertaker_ulti,sc/ui.sc,ulti_icon,Undertaker,,,3,,skill,UndertakerUlti,,,,common,TID_UNDERTAKER_ULTI,TID_STAT_DAMAGE,,,genicon_damage,,,,
Undertaker_unique,sc/ui.sc,,Undertaker,,,4,,steal_souls,,1800,,,common,TID_SPEC_ABI_STEAL_SOULS,,,,genicon_health,,,,
Undertaker_unique_2,sc/ui.sc,,Undertaker,,,4,,longer_dash,,6,,3500,common,TID_SPEC_ABI_LONGER_DASH,,,,genicon_health,,,,
Undertaker_unique_3,sc/ui.sc,icon_sp_mortis_3,Undertaker,,,4,,barrel_defense,,15,30,,common,TID_SPEC_ABI_DASH_SHIELD,,,,genicon_health,,,,
Undertaker_Swing,sc/ui.sc,icon_item_mortis_1,Undertaker,,,5,,accessory,Undertaker_Swing,3,,,common,TID_ACCESSORY_MORTIS_SWING,,,,genicon_health,,,,
Undertaker_Reload,sc/ui.sc,icon_item_mortis_2,Undertaker,,,5,,accessory,Undertaker_Reload,9,,,common,TID_ACCESSORY_UNDERTAKER_RELOAD,,,,genicon_health,,,,
Crow_unlock,sc/ui.sc,,Crow,,,0,,unlock,,,,,legendary,,,,,,,602,,
Crow_hp,sc/ui.sc,health_icon,Crow,,,1,,hp,,,,,common,TID_ARMOR,TID_ARMOR_STAT,,,genicon_health,,,,
Crow_abi,sc/ui.sc,attack_icon,Crow,,,2,,skill,CrowWeapon,,,,common,TID_CROW_WEAPON,TID_STAT_DAMAGE_PER_DAGGER,,,genicon_damage,,,,
Crow_ulti,sc/ui.sc,ulti_icon,Crow,,,3,,skill,CrowUlti,,,,common,TID_CROW_ULTI,TID_STAT_DAMAGE_PER_DAGGER,,,genicon_damage,,,,
Crow_unique,sc/ui.sc,,Crow,,,4,,cripple,,20,,,common,TID_SPEC_CRIPPLE,,,,genicon_health,,,,
Crow_unique_2,sc/ui.sc,,Crow,,,4,,prey_on_the_weak,,50,120,,common,TID_SPEC_ABI_PREY_ON_THE_WEAK,,,,genicon_health,,,,
Crow_Shield,sc/ui.sc,icon_item_crow_1,Crow,,,5,,accessory,Crow_Shield,2,,,common,TID_ACCESSORY_CROW_SHIELD,,,,genicon_health,,,,
Crow_PoisonTrigger,sc/ui.sc,icon_item_crow_2,Crow,,,5,,accessory,Crow_PoisonTrigger,15,,,common,TID_ACCESSORY_CROW_POISON_TRIGGER,,,,genicon_health,,,,
DeadMariachi_unlock,sc/ui.sc,,DeadMariachi,,,0,,unlock,,,,,rare,,,,,,,203,,
DeadMariachi_hp,sc/ui.sc,health_icon,DeadMariachi,,,1,,hp,,,,,common,TID_ARMOR,TID_ARMOR_STAT,,,genicon_health,,,,
DeadMariachi_abi,sc/ui.sc,attack_icon,DeadMariachi,,,2,,skill,DeadMariachiWeapon,,,,common,TID_DEAD_MARIACHI_WEAPON,TID_STAT_DAMAGE,,,genicon_damage,,,,
DeadMariachi_ulti,sc/ui.sc,ulti_icon,DeadMariachi,,,3,,skill,DeadMariachiUlti,,,,common,TID_DEAD_MARIACHI_ULTI,TID_STAT_HEAL,,,genicon_health,,,,
DeadMariachi_unique,sc/ui.sc,,DeadMariachi,,,4,,heal_main_attack,,700,,,common,TID_SPEC_HEAL_MAIN_ATTACK,,,,genicon_health,,,,
DeadMariachi_unique_2,sc/ui.sc,,DeadMariachi,,,4,,damage_super,,800,,,common,TID_SPEC_DAMAGE_SUPER,,,,genicon_health,,,,
DeadMariachi_unique_3,sc/ui.sc,icon_sp_poco_3,DeadMariachi,,,4,,cure_debuffs,,1,,,common,TID_SPEC_ABI_CURE_DEBUFFS,,,,genicon_health,,,,
DeadMariachi_Regen,sc/ui.sc,icon_item_poco_1,DeadMariachi,,,5,,accessory,DeadMariachi_Regen,3,,,common,TID_ACCESSORY_POCO_REGEN,,,,genicon_health,,,,
DeadMariachi_Tune,sc/ui.sc,icon_item_crow_1,DeadMariachi,,,5,,accessory,DeadMariachi_Tune,0,,,common,TID_ACCESSORY_POCO_SHIELDBUFF,,,,genicon_health,,,,
BowDude_unlock,sc/ui.sc,,BowDude,,,0,,unlock,,,,,common,,,,,,,108,,
BowDude_hp,sc/ui.sc,health_icon,BowDude,,,1,,hp,,,,,common,TID_ARMOR,TID_ARMOR_STAT,,,genicon_health,,,,
BowDude_abi,sc/ui.sc,attack_icon,BowDude,,,2,,skill,BowDudeWeapon,,,,common,TID_BOW_DUDE_WEAPON,TID_STAT_DAMAGE_PER_ARROW,,,genicon_damage,,,,
BowDude_ulti,sc/ui.sc,ulti_icon,BowDude,,,3,,skill,BowDudeUlti,,,,common,TID_BOW_DUDE_ULTI,TID_STAT_DAMAGE_PER_MINE,,,genicon_damage,,,,
BowDude_unique,sc/ui.sc,,BowDude,,,4,,spot,,5,,,common,TID_SPEC_ABI_SPOT,,,,genicon_health,,,,
BowDude_unique_2,sc/ui.sc,,BowDude,,,4,,stun_trap,,40,,,common,TID_SPEC_ABI_STUN_TRAP,,,,genicon_health,,,,
BowDude_Totem,sc/ui.sc,icon_item_bo_1,BowDude,,,5,,accessory,BowDude_Totem,0,,,common,TID_ACCESSORY_BOW_TOTEM,,,,genicon_health,,,,
BowDude_MineTrigger,sc/ui.sc,icon_item_bo_2,BowDude,,,5,,accessory,BowDude_MineTrigger,0,,,common,TID_ACCESSORY_BO_MINE_TRIGGER,,,,genicon_health,,,,
Sniper_unlock,sc/ui.sc,,Sniper,,,0,,unlock,,,,,epic,,,,,,,401,,
Sniper_hp,sc/ui.sc,health_icon,Sniper,,,1,,hp,,,,,common,TID_ARMOR,TID_ARMOR_STAT,,,genicon_health,,,,
Sniper_abi,sc/ui.sc,attack_icon,Sniper,,,2,,skill,SniperWeapon,,,,common,TID_SNIPER_WEAPON,TID_STAT_MAX_DAMAGE,,,genicon_damage,,,,
Sniper_ulti,sc/ui.sc,ulti_icon,Sniper,,,3,,skill,SniperUlti,,,,common,TID_SNIPER_ULTI,TID_STAT_DAMAGE_PER_BOMB,,,genicon_damage,,,,
Sniper_unique,sc/ui.sc,,Sniper,,,4,,ambush,,800,,,common,TID_SPEC_ABI_AMBUSH,,,,genicon_health,,,,
Sniper_unique_2,sc/ui.sc,,Sniper,,,4,,reload_on_hit,,30,,,common,TID_SPEC_ABI_RELOAD_ON_HIT,,,,genicon_health,,,,
Sniper_unique_3,sc/ui.sc,icon_sp_spawner_2,Sniper,,,4,,spot_from_air,,15,,,common,TID_SPEC_SPOT_FROM_AIR,,,,genicon_health,,,,
Sniper_HandGun,sc/ui.sc,icon_item_piper_1,Sniper,,,5,,accessory,Sniper_HandGun,10,,,common,TID_ACCESSORY_SNIPER_HANDGUN,,,,genicon_health,,,,
Sniper_Seeker,sc/ui.sc,icon_item_piper_2,Sniper,,,5,,accessory,Sniper_Seeker,0,,,common,TID_ACCESSORY_SNIPER_SEEKER,,,,genicon_health,,,,
MinigunDude_unlock,sc/ui.sc,,MinigunDude,,,0,,unlock,,,,,epic,,,,,,,402,,
MinigunDude_hp,sc/ui.sc,health_icon,MinigunDude,,,1,,hp,,,,,common,TID_ARMOR,TID_ARMOR_STAT,,,genicon_health,,,,
MinigunDude_abi,sc/ui.sc,attack_icon,MinigunDude,,,2,,skill,MinigunDudeWeapon,,,,common,TID_MINIGUN_DUDE_WEAPON,TID_STAT_DAMAGE_PER_SHOT,,,genicon_damage,,,,
MinigunDude_ulti,sc/ui.sc,ulti_icon,MinigunDude,,,3,,skill,MinigunDudeUlti,,,,common,TID_MINIGUN_DUDE_ULTI,TID_STAT_HEALING_PER_SEC,TID_TURRET_HEALTH,,genicon_heal,genicon_health,,,
MinigunDude_unique,sc/ui.sc,,MinigunDude,,,4,,heal_others_main_attack,,40,,,common,TID_SPEC_ABI_HEAL_OTHERS_MAIN_ATTACK,,,,genicon_health,,,,
MinigunDude_unique_2,sc/ui.sc,,MinigunDude,,,4,,aoe_dot,,500,,,common,TID_SPEC_ABI_TURRET_AOE,,,,genicon_health,,,,
MinigunDude_BurstHeal,sc/ui.sc,icon_item_pam_1,MinigunDude,,,5,,accessory,MinigunDude_BurstHeal,12,,,common,TID_ACCESSORY_TOWER_BURST_HEAL,,,,genicon_health,,,,
BlackHole_unlock,sc/ui.sc,,BlackHole,,,0,,unlock,,,,,mega_epic,,,,,,,502,,
BlackHole_hp,sc/ui.sc,health_icon,BlackHole,,,1,,hp,,,,,common,TID_ARMOR,TID_ARMOR_STAT,,,genicon_health,,,,
BlackHole_abi,sc/ui.sc,attack_icon,BlackHole,,,2,,skill,BlackHoleWeapon,,,,common,TID_BLACK_HOLE_WEAPON,TID_STAT_DAMAGE_PER_CARD,,,genicon_damage,,,,
BlackHole_ulti,sc/ui.sc,ulti_icon,BlackHole,,,3,,skill,BlackHoleUlti,,,,common,TID_BLACK_HOLE_ULTI,TID_STAT_DAMAGE,,,genicon_damage,,,,
BlackHole_unique,sc/ui.sc,,BlackHole,,,4,,black_hole_monster,,3,,,common,TID_SPEC_ABI_BLACK_HOLE_MONSTER,,,,genicon_health,,,,
BlackHole_unique_2,sc/ui.sc,,BlackHole,,,4,,black_hole_healer,,3,,,common,TID_SPEC_ABI_BLACK_HOLE_HEALER,,,,genicon_health,,,,
BlackHole_Vision,sc/ui.sc,icon_item_tara_1,BlackHole,,,5,,accessory,BlackHole_Vision,9,,,common,TID_ACCESSORY_TARA_VISION,,,,genicon_health,,,,
BarrelBot_unlock,sc/ui.sc,,BarrelBot,,,0,,unlock,,,,,super_rare,,,,,,,302,,
BarrelBot_hp,sc/ui.sc,health_icon,BarrelBot,,,1,,hp,,,,,common,TID_ARMOR,TID_ARMOR_STAT,,,genicon_health,,,,
BarrelBot_abi,sc/ui.sc,attack_icon,BarrelBot,,,2,,skill,BarrelBotWeapon,,,,common,TID_BARREL_BOT_WEAPON,TID_STAT_DAMAGE_PER_SHELL,,,genicon_damage,,,,
BarrelBot_ulti,sc/ui.sc,ulti_icon,BarrelBot,,,3,,skill,BarrelBotUlti,,,,common,TID_BARREL_BOT_ULTI,TID_STAT_DAMAGE,,,genicon_damage,,,,
BarrelBot_unique,sc/ui.sc,,BarrelBot,,,4,,barrel_defense,,18,90,,common,TID_SPEC_ABI_BARREL_DEFENSE,,,,genicon_health,,,,
BarrelBot_unique_2,sc/ui.sc,,BarrelBot,,,4,,super_reload,,100,,,common,TID_SPEC_ABI_SUPER_RELOAD,,,,genicon_health,,,,
BarrelBot_Spin,sc/ui.sc,icon_item_darryl_1,BarrelBot,,,5,,accessory,BarrelBot_Spin,14,,,common,TID_ACCESSORY_BARREL_SPIN,,,,genicon_health,,,,
ArtilleryDude_unlock,sc/ui.sc,,ArtilleryDude,,,0,,unlock,,,,,super_rare,,,,,,,303,,
ArtilleryDude_hp,sc/ui.sc,health_icon,ArtilleryDude,,,1,,hp,,,,,common,TID_ARMOR,TID_ARMOR_STAT,,,genicon_health,,,,
ArtilleryDude_abi,sc/ui.sc,attack_icon,ArtilleryDude,,,2,,skill,ArtilleryDudeWeapon,,,,common,TID_ARTILLERY_DUDE_WEAPON,TID_STAT_DAMAGE,,,genicon_damage,,,,
ArtilleryDude_ulti,sc/ui.sc,ulti_icon,ArtilleryDude,,,3,,skill,ArtilleryDudeUlti,,,,common,TID_ARTILLERY_DUDE_ULTI,TID_CANNON_DAMAGE,TID_CANNON_HEALTH,,genicon_damage,genicon_health,,,
ArtilleryDude_unique,sc/ui.sc,,ArtilleryDude,,,4,,self_destruct,,1680,,,common,TID_SPEC_ABI_SELF_DESTRUCT,,,,genicon_health,,,,
ArtilleryDude_unique_2,sc/ui.sc,,ArtilleryDude,,,4,,ulti_burn,,400,,,common,TID_SPEC_ULTI_BURN,,,,genicon_health,,,,
ArtilleryDude_DestroyPet,sc/ui.sc,icon_item_penny_1,ArtilleryDude,,,5,,accessory,ArtilleryDude_DestroyPet,12,,,common,TID_ACCESSORY_ARTILLERY_DESTROY_PET,,,,genicon_health,,,,
ArtilleryDude_Barrage,sc/ui.sc,icon_item_penny_2,ArtilleryDude,,,5,,accessory,ArtilleryDude_Barrage,0,,,common,TID_ACCESSORY_ARTILLERY_BARRAGE,,,,genicon_health,,,,
HammerDude_unlock,sc/ui.sc,,HammerDude,,,0,,unlock,,,,,epic,,,,,,,403,,
HammerDude_hp,sc/ui.sc,health_icon,HammerDude,,,1,,hp,,,,,common,TID_ARMOR,TID_ARMOR_STAT,,,genicon_health,,,,
HammerDude_abi,sc/ui.sc,attack_icon,HammerDude,,,2,,skill,HammerDudeWeapon,,,,common,TID_HAMMER_DUDE_WEAPON,TID_STAT_DAMAGE,,,genicon_damage,,,,
HammerDude_ulti,sc/ui.sc,ulti_icon,HammerDude,,,3,,skill,HammerDudeUlti,,,,common,TID_HAMMER_DUDE_ULTI,TID_STAT_DAMAGE,,,genicon_damage,genicon_health,,,
HammerDude_unique,sc/ui.sc,,HammerDude,,,4,,steal_souls2,,50,12,,common,TID_SPEC_ABI_STEAL_SOULS2,,,,genicon_health,,,,
HammerDude_unique_2,sc/ui.sc,,HammerDude,,,4,,gain_health,,1100,,,common,TID_SPEC_ABI_GAIN_HEALTH,,,,genicon_health,,,,
HammerDude_Immunity,sc/ui.sc,icon_item_frank_1,HammerDude,,,5,,accessory,HammerDude_Immunity,0,,,common,TID_ACCESSORY_FRANK_CC_IMMUNITY,,,,genicon_health,,,,
HookDude_unlock,sc/ui.sc,,HookDude,,,0,,unlock,,,,,mega_epic,,,,,,,503,,
HookDude_hp,sc/ui.sc,health_icon,HookDude,,,1,,hp,,,,,common,TID_ARMOR,TID_ARMOR_STAT,,,genicon_health,,,,
HookDude_abi,sc/ui.sc,attack_icon,HookDude,,,2,,skill,HookWeapon,,,,common,TID_HOOK_WEAPON,TID_STAT_DAMAGE,,,genicon_damage,,,,
HookDude_ulti,sc/ui.sc,ulti_icon,HookDude,,,3,,skill,HookUlti,,,,common,TID_HOOK_ULTI,TID_HOOK_ULTI,,,genicon_damage,,,,
HookDude_unique,sc/ui.sc,,HookDude,,,4,,aoe_regenerate,,400,,,common,TID_SPEC_ABI_HOOK,,,,genicon_health,,,,
HookDude_unique_2,sc/ui.sc,,HookDude,,,4,,damage_ulti,,300,,,common,TID_SPEC_ABI_DAMAGE_ULTI,,,,genicon_health,,,,
HookDude_Push,sc/ui.sc,icon_item_gene_1,HookDude,,,5,,accessory,HookDude_Push,5,,,common,TID_ACCESSORY_GENE_PUSH,,,,genicon_health,,,,
HookDude_Homing,sc/ui.sc,icon_item_leon_1,HookDude,,,5,,accessory,HookDude_Homing,1,2,3,common,TID_ACCESSORY_GENE_HOMING,,,,genicon_health,,,,
ClusterBombDude_unlock,sc/ui.sc,,ClusterBombDude,,,0,,unlock,,,,,common,,,,,,,109,,
ClusterBombDude_hp,sc/ui.sc,health_icon,ClusterBombDude,,,1,,hp,,,,,common,TID_ARMOR,TID_ARMOR_STAT,,,genicon_health,,,,
ClusterBombDude_abi,sc/ui.sc,attack_icon,ClusterBombDude,,,2,,skill,ClusterBombDudeWeapon,,,,common,TID_CLUSTER_BOMB_DUDE_WEAPON,TID_STAT_DAMAGE_PER_PROXIMITY_MINE,,,genicon_damage,,,,
ClusterBombDude_ulti,sc/ui.sc,ulti_icon,ClusterBombDude,,,3,,skill,ClusterBombDudeUlti,,,,common,TID_CLUSTER_BOMB_DUDE_ULTI,TID_STAT_DAMAGE,TID_HEAD_HEALTH,,genicon_damage,,,,
ClusterBombDude_unique,sc/ui.sc,,ClusterBombDude,,,4,,repair_self,,40,,,common,TID_SPEC_ABI_REPAIR_SELF,,,,genicon_health,,,,
ClusterBombDude_unique_2,sc/ui.sc,,ClusterBombDude,,,4,,recharge,,220,,,common,TID_SPEC_ABI_RECHARGE,,,,genicon_health,,,,
ClusterBombDude_Dash,sc/ui.sc,icon_item_tick_1,ClusterBombDude,,,5,,accessory,ClusterBombDude_Dash,0,,,common,TID_ACCESSORY_TICK_DASH,,,,genicon_health,,,,
ClusterBombDude_Explosion,sc/ui.sc,icon_item_penny_1,ClusterBombDude,,,5,,accessory,ClusterBombDude_Explosion,1,,,common,TID_TICK_LAST_HURAH,,,,genicon_health,,,,
Ninja_unlock,sc/ui.sc,,Ninja,,,0,,unlock,,,,,legendary,,,,,,,603,,
Ninja_hp,sc/ui.sc,health_icon,Ninja,,,1,,hp,,,,,common,TID_ARMOR,TID_ARMOR_STAT,,,genicon_health,,,,
Ninja_abi,sc/ui.sc,attack_icon,Ninja,,,2,,skill,NinjaWeapon,,,,common,TID_NINJA_WEAPON,TID_STAT_DAMAGE_PER_SHURIKEN,,,genicon_damage,,,,
Ninja_ulti,sc/ui.sc,ulti_icon,Ninja,,,3,,skill,NinjaUlti,,,,common,TID_NINJA_ULTI,TID_STAT_INVISIBLE,,,genicon_damage,,,,
Ninja_unique,sc/ui.sc,,Ninja,,,4,,speed_invisible,,200,,,common,TID_SPEC_ABI_SPEED_INVISIBLE,,,,genicon_health,,,,
Ninja_unique_2,sc/ui.sc,,Ninja,,,4,,heal_invisible,,1000,,,common,TID_SPEC_ABI_HOT_INVISIBLE,,,,genicon_health,,,,
Ninja_unique_3,sc/ui.sc,icon_sp_spawner_2,Ninja,,,4,,damage_ulti,,140,,,common,TID_SPEC_ABI_NINJASTYLE,,,,genicon_health,,,,
Ninja_Fake,sc/ui.sc,icon_item_leon_1,Ninja,,,5,,accessory,Ninja_Fake,0,,,common,TID_ACCESSORY_NINJA_FAKE,,,,genicon_health,,,,
Rosa_unlock,sc/ui.sc,,Rosa,,,0,,unlock,,,,,rare,,,,,,,204,,
Rosa_hp,sc/ui.sc,health_icon,Rosa,,,1,,hp,,,,,common,TID_ARMOR,TID_ARMOR_STAT,,,genicon_health,,,,
Rosa_abi,sc/ui.sc,attack_icon,Rosa,,,2,,skill,RosaWeapon,,,,common,TID_ROSA_WEAPON,TID_STAT_DAMAGE_PER_STRIKE,,,genicon_damage,,,,
Rosa_ulti,sc/ui.sc,ulti_icon,Rosa,,,3,,skill,RosaUlti,,,,common,TID_ROSA_ULTI,TID_STAT_SHIELD,,,genicon_damage,,,,
Rosa_unique,sc/ui.sc,,Rosa,,,4,,heal_forest,,200,,,common,TID_SPEC_ABI_HEAL_FOREST,,,,genicon_health,,,,
Rosa_unique_2,sc/ui.sc,,Rosa,,,4,,damage_buff_super,,220,,,common,TID_SPEC_ABI_DAMAGE_BUFF_SUPER,,,,genicon_health,,,,
Rosa_GrowBush,sc/ui.sc,icon_item_rosa_1,Rosa,,,5,,accessory,Rosa_GrowBush,0,,,common,TID_ACCESSORY_GROW_BUSH,,,,genicon_health,,,,
Rosa_Shock,sc/ui.sc,icon_item_carl_1,Rosa,,,5,,accessory,Rosa_Shock,0,,,common,TID_ACCESSORY_ROSA_SHOCK,,,,genicon_health,,,,
Whirlwind_unlock,sc/ui.sc,,Whirlwind,,,0,,unlock,,,,,super_rare,,,,,,,304,,
Whirlwind_hp,sc/ui.sc,health_icon,Whirlwind,,,1,,hp,,,,,common,TID_ARMOR,TID_ARMOR_STAT,,,genicon_health,,,,
Whirlwind_abi,sc/ui.sc,attack_icon,Whirlwind,,,2,,skill,WhirlwindWeapon,,,,common,TID_WHIRLWIND_WEAPON,TID_STAT_DAMAGE_EACH_WAY,,,genicon_damage,,,,
Whirlwind_ulti,sc/ui.sc,ulti_icon,Whirlwind,,,3,,skill,WhirlwindUlti,,,,common,TID_WHIRLWIND_ULTI,TID_STAT_DAMAGE_PER_SWING,,,genicon_damage,,,,
Whirlwind_unique,sc/ui.sc,,Whirlwind,,,4,,projectile_speed,,360,,,common,TID_SPEC_ABI_PROJECTILE_SPEED,,,,genicon_health,,,,
Whirlwind_unique_2,sc/ui.sc,,Whirlwind,,,4,,ulti_defense,,60,30,,common,TID_SPEC_ABI_WHIRLWIND_SHIELD,,,,genicon_health,,,,
Whirlwind_unique_3,sc/ui.sc,icon_sp_carl_3,Whirlwind,,,4,,super_destroy_walls,,600,,,common,TID_SPEC_ABI_SUPER_DESTROY_WALLS,,,,genicon_health,,,,
Whirlwind_Trail,sc/ui.sc,icon_item_carl_1,Whirlwind,,,5,,accessory,Whirlwind_Trail,8,,,common,TID_ACCESSORY_CARL_TRAIL,,,,genicon_health,,,,
Baseball_unlock,sc/ui.sc,,Baseball,,,0,,unlock,,,,,epic,,,,,,,404,,
Baseball_hp,sc/ui.sc,health_icon,Baseball,,,1,,hp,,,,,common,TID_ARMOR,TID_ARMOR_STAT,,,genicon_health,,,,
Baseball_abi,sc/ui.sc,attack_icon,Baseball,,,2,,skill,BaseballWeapon,,,,common,TID_BASEBALL_WEAPON,TID_STAT_DAMAGE,,,genicon_damage,,,,
Baseball_ulti,sc/ui.sc,ulti_icon,Baseball,,,3,,skill,BaseballUlti,,,,common,TID_BASEBALL_ULTI,TID_STAT_DAMAGE_EACH_WAY,,,genicon_damage,,,,
Baseball_unique,sc/ui.sc,,Baseball,,,4,,speed_full_ammo,,100,,,common,TID_SPEC_ABI_SPED_FULL_AMMO,,,,genicon_health,,,,
Baseball_unique_2,sc/ui.sc,,Baseball,,,4,,shield_homerun,,30,,,common,TID_SPEC_ABI_SHIELD_HOMERUN,,,,genicon_health,,,,
Baseball_unique_3,sc/ui.sc,icon_sp_bibi_3,Baseball,,,4,,freeze,,60,350,,common,TID_SPEC_ABI_SUPER_SLOW,,,,genicon_health,,,,
Baseball_Heal,sc/ui.sc,icon_item_bibi_1,Baseball,,,5,,accessory,Baseball_Heal,5,,,common,TID_ACCESSORY_BASEBALL_HEAL,,,,genicon_health,,,,
Arcade_unique,sc/ui.sc,,Arcade,,,4,,larger_area_ulti,,1,,,common,TID_SPEC_ABI_LARGER_AREA_ULTI,,,,genicon_health,,,,
Arcade_unlock,sc/ui.sc,,Arcade,,,0,,unlock,,,,,common,,,,,,,110,,
Arcade_hp,sc/ui.sc,health_icon,Arcade,,,1,,hp,,,,,common,TID_ARMOR,TID_ARMOR_STAT,,,genicon_health,,,,
Arcade_abi,sc/ui.sc,attack_icon,Arcade,,,2,,skill,ArcadeWeapon,,,,common,TID_ARCADE_WEAPON,TID_STAT_DAMAGE_PER_BEAM,,,genicon_damage,,,,
Arcade_ulti,sc/ui.sc,ulti_icon,Arcade,,,3,,skill,ArcadeUlti,,,,common,TID_ARCADE_ULTI,TID_STAT_DAMAGE_BOOST,TID_DAMAGE_BOOSTER_HEALTH,,genicon_heal,genicon_health,,true,
Arcade_unique_2,sc/ui.sc,,Arcade,,,4,,plugged_in,,180,7,8,common,TID_SPEC_ABI_PLUGGED_IN,,,,genicon_health,,,,
Arcade_Teleport,sc/ui.sc,icon_item_8bit_1,Arcade,,,5,,accessory,Arcade_Teleport,0,,,common,TID_ACCESSORY_TELEPORT_TO_PET,,,,genicon_health,,,,
Sandstorm_unlock,sc/ui.sc,,Sandstorm,,,0,,unlock,,,,,legendary,,,,,,,604,,
Sandstorm_hp,sc/ui.sc,health_icon,Sandstorm,,,1,,hp,,,,,common,TID_ARMOR,TID_ARMOR_STAT,,,genicon_health,,,,
Sandstorm_abi,sc/ui.sc,attack_icon,Sandstorm,,,2,,skill,SandstormWeapon,,,,common,TID_SANDSTORM_WEAPON,TID_STAT_DAMAGE,,,genicon_damage,,,,
Sandstorm_ulti,sc/ui.sc,ulti_icon,Sandstorm,,,3,,skill,SandstormUlti,,,,common,TID_SANDSTORM_ULTI,TID_STAT_SANDSTORM,,,genicon_damage,,,,
Sandstorm_unique,sc/ui.sc,,Sandstorm,,,4,,aoe_dot,,100,,,common,TID_SPEC_ABI_SANDSTORM_DOT,,,,genicon_health,,,,
Sandstorm_unique_2,sc/ui.sc,,Sandstorm,,,4,,aoe_dot,,-250,,,common,TID_SPEC_ABI_SANDSTORM_HOT,,,,genicon_health,,,,
Sandstorm_Sleep,sc/ui.sc,icon_item_sandy_1,Sandstorm,,,5,,accessory,Sandstorm_Sleep,13,,,common,TID_ACCESSORY_SANDY_SLEEP,,,,genicon_health,,,,
BeeSniper_unlock,sc/ui.sc,,BeeSniper,,,0,,unlock,,,,,epic,,,,,,,405,,
BeeSniper_hp,sc/ui.sc,health_icon,BeeSniper,,,1,,hp,,,,,common,TID_ARMOR,TID_ARMOR_STAT,,,genicon_health,,,,
BeeSniper_abi,sc/ui.sc,attack_icon,BeeSniper,,,2,,skill,BeeSniperWeapon,,,,common,TID_BEE_SNIPER_WEAPON,TID_STAT_DAMAGE,,,genicon_damage,,,,
BeeSniper_ulti,sc/ui.sc,ulti_icon,BeeSniper,,,3,,skill,BeeSniperUlti,,,,common,TID_BEE_SNIPER_ULTI,TID_STAT_DAMAGE_PER_DRONE,,,genicon_damage,,,,
BeeSniper_unique,sc/ui.sc,,BeeSniper,,,4,,instant_charged_shot,,2,,,common,TID_SPEC_ABI_BEE_SNIPER_1,,,,genicon_damage,,,,
BeeSniper_unique_2,sc/ui.sc,,BeeSniper,,,4,,ignore_lethal_damage,,20,100,,common,TID_SPEC_ABI_BEE_SNIPER_2,,,,genicon_damage,,,,
BeeSniper_Slow,sc/ui.sc,icon_item_bea_1,BeeSniper,,,5,,accessory,BeeSniper_Slow,0,,,common,TID_ACCESSORY_BEE_SNIPER_SLOW,,,,genicon_health,,,,
Mummy_unlock,sc/ui.sc,,Mummy,,,0,,unlock,,,,,common,,,,,,,111,,
Mummy_hp,sc/ui.sc,health_icon,Mummy,,,1,,hp,,,,,common,TID_ARMOR,TID_ARMOR_STAT,,,genicon_health,,,,
Mummy_abi,sc/ui.sc,attack_icon,Mummy,,,2,,skill,MummyWeapon,,,,common,TID_MUMMY_WEAPON,TID_STAT_DAMAGE_PER_HALF_SECOND,,,genicon_damage,,,,
Mummy_ulti,sc/ui.sc,ulti_icon,Mummy,,,3,,skill,MummyUlti,,,,common,TID_MUMMY_ULTI,TID_STAT_DAMAGE_PER_SECOND,,,genicon_damage,,,,
Mummy_unique,sc/ui.sc,,Mummy,,,4,,increase_dmg_consecutive_dot,,20,,,common,TID_SPEC_ABI_TICK_DMG_GROW,,,,genicon_damage,,,,
Mummy_unique_2,sc/ui.sc,,Mummy,,,4,,ulti_heals_self,,320,,,common,TID_SPEC_ABI_HEAL_SUPER_DMG,,,,genicon_health,,,,
Mummy_Push,sc/ui.sc,icon_item_emz_1,Mummy,,,5,,accessory,Mummy_Push,3,,,common,TID_ACCESSORY_MUMMY_PUSH,,,,genicon_health,,,,
SpawnerDude_unlock,sc/ui.sc,,SpawnerDude,,,0,,unlock,,,,,mega_epic,,,,,,,505,,
SpawnerDude_hp,sc/ui.sc,health_icon,SpawnerDude,,,1,,hp,,,,,common,TID_ARMOR,TID_ARMOR_STAT,,,genicon_health,,,,
SpawnerDude_abi,sc/ui.sc,attack_icon,SpawnerDude,,,2,,skill,SpawnerDudeWeapon,,,,common,TID_SPAWNER_DUDE_WEAPON,TID_STAT_DAMAGE_EACH_WAY,,,genicon_damage,,,,
SpawnerDude_ulti,sc/ui.sc,ulti_icon,SpawnerDude,,,3,,skill,SpawnerDudeUlti,,,,common,TID_SPAWNER_DUDE_ULTI,TID_PORTER_HEALTH,TID_SPAWN_BUILDING_HEALTH,TID_PORTER_DAMAGE,genicon_damage,genicon_health,,,
SpawnerDude_unique,sc/ui.sc,icon_sp_spawner_1,SpawnerDude,,,4,,always_bounce_shot,,1,,,common,TID_SPEC_ABI_SPAWNER_DUDE_1,,,,genicon_damage,,,,
SpawnerDude_unique_2,sc/ui.sc,icon_sp_spawner_2,SpawnerDude,,,4,,spawn_speed,,3,,,common,TID_SPEC_ABI_SPAWNER_DUDE_2,,,,genicon_damage,,,,
SpawnerDude_Promote,sc/ui.sc,icon_item_spawner_1,SpawnerDude,,,5,,accessory,SpawnerDude_Promote,1,,,common,TID_ACCESSORY_SPAWNER_DUDE_PROMOTE,,,,genicon_health,,,,
Speedy_unlock,sc/ui.sc,,Speedy,,,0,,unlock,,,,,mega_epic,,,,,,,504,,
Speedy_hp,sc/ui.sc,health_icon,Speedy,,,1,,hp,,,,,common,TID_ARMOR,TID_ARMOR_STAT,,,genicon_health,,,,
Speedy_abi,sc/ui.sc,attack_icon,Speedy,,,2,,skill,SpeedyWeapon,,,,common,TID_SPEEDY_WEAPON,TID_STAT_DAMAGE_PER_SHOT,,,genicon_damage,,,,
Speedy_ulti,sc/ui.sc,ulti_icon,Speedy,,,3,,skill,SpeedyUlti,,,,common,TID_SPEEDY_ULTI,TID_SPEEDY_ULTI_STAT,,,genicon_damage,genicon_health,,true,true
Speedy_unique,sc/ui.sc,,Speedy,,,4,,running_charges_ulti,,7,1,,common,TID_SPEC_ABI_SPEEDY_1,,,,genicon_damage,,,,
Speedy_unique_2,sc/ui.sc,,Speedy,,,4,,running_charges_weapon,,30,1,,common,TID_SPEC_ABI_SPEEDY_2,,,,genicon_damage,,,,
Speedy_Dash,sc/ui.sc,icon_item_max_1,Speedy,,,5,,accessory,Speedy_Dash,0,,,common,TID_ACCESSORY_MAX_DASH,,,,genicon_health,,,,
Homer_unlock,sc/ui.sc,,Homer,,,0,,unlock,,,,,rare,,,,,,,111,,
Homer_hp,sc/ui.sc,health_icon,Homer,,,1,,hp,,,,,common,TID_ARMOR,TID_ARMOR_STAT,,,genicon_health,,,,
Homer_abi,sc/ui.sc,attack_icon,Homer,,,2,,skill,HomerDudeWeapon,,,,common,TID_HOMER_WEAPON,TID_STAT_DAMAGE_PER_SHOT,,,genicon_damage,,,,
Homer_ulti,sc/ui.sc,ulti_icon,Homer,,,3,,skill,HomerDudeUlti,,,,common,TID_HOMER_ULTI,TID_PET_DAMAGE,TID_PETT_HEALTH,,genicon_damage,,,,
Homer_unique,sc/ui.sc,,Homer,true,,4,,berserker,,30,,,common,TID_UNIQUE1_HOMER_ANGER,,,,genicon_damage,,,,
Homer_unique_2,sc/ui.sc,,Homer,true,,4,,low_health_shield,,45,30,,common,TID_UNIQUE2_HOMER_SHIELD,,,,genicon_damage,,,,
Driller_unlock,sc/ui.sc,,Driller,,,0,,unlock,,,,,super_rare,,,,,,,305,,
Driller_hp,sc/ui.sc,health_icon,Driller,,,1,,hp,,,,,common,TID_ARMOR,TID_ARMOR_STAT,,,genicon_health,,,,
Driller_abi,sc/ui.sc,attack_icon,Driller,,,2,,skill,DrillerWeapon,,,,common,TID_DRILLER_WEAPON,TID_STAT_DAMAGE,,,genicon_damage,,,,
Driller_ulti,sc/ui.sc,ulti_icon,Driller,,,3,,skill,DrillerUlti,,,,common,TID_DRILLER_ULTI,TID_STAT_DAMAGE,,,genicon_damage,,,,
Driller_unique,sc/ui.sc,,Driller,,,4,,reflect_damage_aoe,,15,,,common,TID_SPEC_ABI_DRILLER_1,,,,genicon_damage,,,,
Driller_unique_2,sc/ui.sc,,Driller,,,4,,reduce_all_damage,,15,,,common,TID_SPEC_ABI_DRILLER_2,,,,genicon_damage,,,,
Driller_SpeedBoost,sc/ui.sc,icon_item_driller_1,Driller,,,5,,accessory,Driller_SpeedBoost,6,,,common,TID_ACCESSORY_DRILLER_SPEED_BOOST,,,,genicon_health,,,,
Blower_unlock,sc/ui.sc,,Blower,,1,0,,unlock,,,,,epic,,,,,,,701,,
Blower_hp,sc/ui.sc,health_icon,Blower,,,1,,hp,,,,,common,TID_ARMOR,TID_ARMOR_STAT,,,genicon_health,,,,
Blower_abi,sc/ui.sc,attack_icon,Blower,,,2,,skill,BlowerWeapon,,,,common,TID_BLOWER_WEAPON,TID_STAT_DAMAGE,,,genicon_damage,,,,
Blower_ulti,sc/ui.sc,ulti_icon,Blower,,,3,,skill,BlowerUlti,,,,common,TID_BLOWER_ULTI,TID_STAT_DAMAGE,,,genicon_damage,,,,
Blower_unique,sc/ui.sc,,Blower,,,4,,stun_wall_push,,20,,,common,TID_SPEC_ABI_BLOWER_1,,,,genicon_damage,,,,
Blower_unique_2,sc/ui.sc,,Blower,,,4,,basic_freeze,,6,350,,common,TID_SPEC_ABI_BLOWER_2,,,,genicon_damage,,,,
Blower_Trampoline,sc/ui.sc,icon_item_gale_1,Blower,,,5,,accessory,Blower_Trampoline,0,,,common,TID_ACCESSORY_BLOWER_TRAMPOLINE,,,,genicon_health,,,,
Controller_unlock,sc/ui.sc,,Controller,,,0,,unlock,,,,,epic,,,,,,,406,,
Controller_hp,sc/ui.sc,health_icon,Controller,,,1,,hp,,,,,common,TID_ARMOR,TID_ARMOR_STAT,,,genicon_health,,,,
Controller_abi,sc/ui.sc,attack_icon,Controller,,,2,,skill,ControllerWeapon,,,,common,TID_CONTROLLER_WEAPON,TID_STAT_DAMAGE,,,genicon_damage,,,,
Controller_ulti,sc/ui.sc,ulti_icon,Controller,,,3,,skill,ControllerUlti,,,,common,TID_CONTROLLER_ULTI,TID_STAT_DAMAGE,,,genicon_damage,,,,
Controller_unique,sc/ui.sc,,Controller,,,4,,increase_missile_dmg_over_distance,,2500,,,common,TID_SPEC_ABI_CONTROLLER_1,,,,genicon_damage,,,,
Controller_unique_2,sc/ui.sc,,Controller,,,4,,shield_while_ulti,,80,,,common,TID_SPEC_ABI_CONTROLLER_2,,,,genicon_damage,,,,
Controller_Explode,sc/ui.sc,icon_item_nani_1,Controller,,,5,,accessory,Controller_Explode,0,,,common,TID_ACCESSORY_CONTROLLER_EXPLODE,,,,genicon_health,,,,
Wally_unlock,sc/ui.sc,,Wally,,,0,,unlock,,,,,mega_epic,,,,,,,506,,
Wally_hp,sc/ui.sc,health_icon,Wally,,,1,,hp,,,,,common,TID_ARMOR,TID_ARMOR_STAT,,,genicon_health,,,,
Wally_abi,sc/ui.sc,attack_icon,Wally,,,2,,skill,WallyWeapon,,,,common,TID_WALLY_WEAPON,TID_STAT_DAMAGE,,,genicon_damage,,,,
Wally_ulti,sc/ui.sc,ulti_icon,Wally,,,3,,skill,WallyUlti,,,,common,TID_WALLY_ULTI,TID_STAT_DAMAGE,,,genicon_damage,,,,
Wally_unique,sc/ui.sc,,Wally,,,4,,increased_explosion,,5000,,,common,TID_SPEC_ABI_WALLY_1,,,,genicon_damage,,,,
Wally_unique_2,sc/ui.sc,,Wally,,,4,,bush_shield,,30,60,,common,TID_SPEC_ABI_WALLY_2,,,,genicon_damage,,,,
Wally_Heal,sc/ui.sc,icon_item_wally_1,Wally,,,5,,accessory,Wally_Heal,1,,,common,TID_ACCESSORY_WALLY_HEAL,,,,genicon_health,,,,
PowerLeveler_unlock,sc/ui.sc,,PowerLeveler,,2,0,,unlock,,,,,epic,,,,,,,702,,
PowerLeveler_hp,sc/ui.sc,health_icon,PowerLeveler,,,1,,hp,,,,,common,TID_ARMOR,TID_ARMOR_STAT,,,genicon_health,,,,
PowerLeveler_abi,sc/ui.sc,attack_icon,PowerLeveler,,,2,,skill,PowerLevelerWeapon,,,,common,TID_POWER_LEVELER_WEAPON,TID_STAT_DAMAGE,,,genicon_damage,,,,
PowerLeveler_ulti,sc/ui.sc,ulti_icon,PowerLeveler,,,3,,skill,PowerLevelerUlti,,,,common,TID_POWER_LEVELER_ULTI,TID_STAT_DAMAGE,,,genicon_damage,,,,
PowerLeveler_unique,sc/ui.sc,,PowerLeveler,,,4,,split_also_wall_hit,,1,,,common,TID_SPEC_ABI_POWER_LEVELER_1,,,,genicon_damage,,,,
PowerLeveler_unique_2,sc/ui.sc,,PowerLeveler,,,4,,decrease_level_loss,,1,,,common,TID_SPEC_ABI_POWER_LEVELER_2,,,,genicon_damage,,,,
PowerLeveler_Blink,sc/ui.sc,icon_item_8bit_1,PowerLeveler,,,5,,accessory,PowerLeveler_Blink,0,,,common,TID_ACCESSORY_POWER_LEVELER_BLINK,,,,genicon_health,,,,
Percenter_unlock,sc/ui.sc,,Percenter,,3,0,,unlock,,,,,epic,,,,,,,703,,
Percenter_hp,sc/ui.sc,health_icon,Percenter,,,1,,hp,,,,,common,TID_ARMOR,TID_ARMOR_STAT,,,genicon_health,,,,
Percenter_abi,sc/ui.sc,attack_icon,Percenter,,,2,,skill,PercenterWeapon,,,,common,TID_PERCENTER_WEAPON,TID_STAT_DAMAGE,,,genicon_damage,,,,
Percenter_ulti,sc/ui.sc,ulti_icon,Percenter,,,3,,skill,PercenterUlti,,,,common,TID_PERCENTER_ULTI,TID_STAT_DAMAGE,,,genicon_damage,,,,
Percenter_unique,sc/ui.sc,,Percenter,,,4,,push_charge,,300,,,common,TID_SPEC_ABI_PERCENTER_1,,,,genicon_damage,,,,
Percenter_unique_2,sc/ui.sc,,Percenter,,,4,,shield_charge,,10,100,,common,TID_SPEC_ABI_PERCENTER_2,,,,genicon_damage,,,,
Percenter_StaticDamage,sc/ui.sc,icon_item_colette_1,Percenter,,,5,,accessory,Percenter_StaticDamage,1,,,common,TID_ACCESSORY_PERCENTER_STATIC_DAMAGE,,,,genicon_health,,,,
FireDude_unlock,sc/ui.sc,,FireDude,,,0,,unlock,,,,,legendary,,,,,,,605,,
FireDude_hp,sc/ui.sc,health_icon,FireDude,,,1,,hp,,,,,common,TID_ARMOR,TID_ARMOR_STAT,,,genicon_health,,,,
FireDude_abi,sc/ui.sc,attack_icon,FireDude,,,2,,skill,FireDudeWeapon,,,,common,TID_AMBER_WEAPON,TID_STAT_DAMAGE_PER_SECOND,,,genicon_damage,,,,
FireDude_ulti,sc/ui.sc,ulti_icon,FireDude,,,3,,skill,FireDudeUlti,,,,common,TID_AMBER_ULTI,TID_STAT_DAMAGE,,,genicon_damage,,,,
FireDude_unique,sc/characters.sc,icon_sp_amber_1,FireDude,,,4,,super_range,,10,40,,common,TID_AMBER_SP1,,,,genicon_health,,,,
FireDude_unique_2,sc/characters.sc,icon_sp_amber_2,FireDude,,,4,,recharge,,100,,,common,TID_AMBER_SP2,,,,genicon_health,,,,
FireDude_Gadget1,sc/characters.sc,icon_item_amber_1,FireDude,,,5,,accessory,FireDude_Gadget1,0,,,common,TID_AMBER_GADGET1,,,,genicon_health,,,,
FireDude_Gadget2,sc/ui.sc,icon_item_penny_1,FireDude,true,,5,,accessory,FireDude_Gadget2,0,,,common,TID_AMBER_GADGET2,,,,genicon_health,,,,
Enrager_unlock,sc/ui.sc,,Enrager,,,0,,unlock,,,,,epic,,,,,,,407,,
Enrager_hp,sc/ui.sc,health_icon,Enrager,,,1,,hp,,,,,common,TID_ARMOR,TID_ARMOR_STAT,,,genicon_health,,,,
Enrager_abi,sc/ui.sc,attack_icon,Enrager,,,2,,skill,EnragerWeapon,,,,common,TID_EDGAR_WEAPON,TID_STAT_DAMAGE,,,genicon_damage,,,,
Enrager_ulti,sc/ui.sc,ulti_icon,Enrager,,,3,,skill,EnragerUlti,,,,common,TID_EDGAR_ULTI,TID_STAT_DAMAGE,,,genicon_damage,,,,
Enrager_unique,sc/ui.sc,,Enrager,,,4,,spot_from_air,,15,,,common,TID_EDGAR_SP1,,,,genicon_damage,,,,
Enrager_unique_2,sc/ui.sc,,Enrager,,,4,,barrel_defense,,90,30,,common,TID_EDGAR_SP2,,,,genicon_health,,,,
Enrager_Gadget1,sc/ui.sc,icon_item_colt_1,Enrager,,,5,,accessory,Enrager_Gadget1,0,,,common,TID_EDGAR_GADGET1,,,,genicon_health,,,,
Enrager_Gadget2,sc/ui.sc,icon_item_colette_1,Enrager,true,,5,,accessory,Enrager_Gadget2,0,,,common,TID_EDGAR_GADGET2,,,,genicon_health,,,,
IceDude_unlock,sc/ui.sc,,IceDude,,3,0,,unlock,,,,,epic,,,,,,,704,,
IceDude_hp,sc/ui.sc,health_icon,IceDude,,,1,,hp,,,,,common,TID_ARMOR,TID_ARMOR_STAT,,,genicon_health,,,,
IceDude_abi,sc/ui.sc,attack_icon,IceDude,,,2,,skill,IceDudeWeapon,,,,common,TID_LOU_WEAPON,TID_STAT_DAMAGE,,,genicon_damage,,,,
IceDude_ulti,sc/ui.sc,ulti_icon,IceDude,,,3,,skill,IceDudeUlti,,,,common,TID_LOU_ULTI,TID_STAT_DAMAGE,,,genicon_damage,,,,
IceDude_unique,sc/characters.sc,icon_sp_lou_1,IceDude,,,4,,speed_low_health,,110,25,,common,TID_LOU_SP1,,,,genicon_health,,,,
IceDude_unique_2,sc/characters.sc,icon_sp_lou_2,IceDude,,,4,,recharge,,300,,,common,TID_LOU_SP2,,,,genicon_health,,,,
IceDude_Gadget1,sc/characters.sc,icon_item_lou_1,IceDude,,,5,,accessory,IceDude_Gadget1,20,1,,common,TID_LOU_GADGET1,,,,genicon_health,,,,
IceDude_Gadget2,sc/characters.sc,icon_item_lou_2,IceDude,,,5,,accessory,IceDude_Gadget2,20,1,,common,TID_LOU_GADGET2,,,,genicon_health,,,,
Ruffs_unlock,sc/ui.sc,,Ruffs,,3,0,,unlock,,,,,epic,,,,,,,705,,
Ruffs_hp,sc/ui.sc,health_icon,Ruffs,,,1,,hp,,,,,common,TID_ARMOR,TID_ARMOR_STAT,,,genicon_health,,,,
Ruffs_abi,sc/ui.sc,attack_icon,Ruffs,,,2,,skill,RuffsWeapon,,,,common,TID_RUFFS_WEAPON,TID_STAT_DAMAGE,,,genicon_damage,,,,
Ruffs_ulti,sc/ui.sc,ulti_icon,Ruffs,,,3,,skill,RuffsUlti,,,,common,TID_RUFFS_ULTI,TID_STAT_DAMAGE,,,genicon_damage,,,,
Ruffs_unique,sc/ui.sc,,Ruffs,,,4,,projectile_speed,,500,,,common,TID_RUFFS_SP1,,,,genicon_health,,,,
Ruffs_unique_2,sc/ui.sc,,Ruffs,,,4,,armor,,1200,,,common,TID_RUFFS_SP2,,,,genicon_health,,,,
Ruffs_Gadget1,sc/ui.sc,icon_item_bo_1,Ruffs,,,5,,accessory,Ruffs_Gadget1,1,29,,common,TID_RUFFS_GADGET1,,,,genicon_health,,,,
Ruffs_Gadget2,sc/ui.sc,icon_item_elprimo_2,Ruffs,,,5,,accessory,Ruffs_Gadget2,1,,,common,TID_RUFFS_GADGET2,,,,genicon_health,,,,
Roller_unlock,sc/ui.sc,,Roller,,,0,,unlock,,,,,common,,,,,,,112,,
Roller_hp,sc/ui.sc,health_icon,Roller,,,1,,hp,,,,,common,TID_ARMOR,TID_ARMOR_STAT,,,genicon_health,,,,
Roller_abi,sc/ui.sc,attack_icon,Roller,,,2,,skill,RollerWeapon,,,,common,TID_STU_WEAPON,TID_STAT_DAMAGE,,,genicon_damage,,,,
Roller_ulti,sc/ui.sc,ulti_icon,Roller,,,3,,skill,RollerUlti,,,,common,TID_STU_ULTI,TID_STAT_DAMAGE,,,genicon_damage,,,,
Roller_unique,sc/characters.sc,icon_sp_stu_1,Roller,,,4,,super_range,,5,20,,common,TID_STU_SP1,,,,genicon_health,,,,
Roller_unique_2,sc/characters.sc,icon_sp_stu_2,Roller,,,4,,ulti_heals_self,,500,,,common,TID_STU_SP2,,,,genicon_health,,,,
Roller_Gadget1,sc/characters.sc,icon_item_stu_1,Roller,,,5,,accessory,Roller_Gadget1,0,,,common,TID_STU_GADGET1,,,,genicon_health,,,,
Roller_Gadget2,sc/characters.sc,icon_item_stu_2,Roller,true,,5,,accessory,Roller_Gadget2,1,,,common,TID_STU_GADGET2,,,,genicon_health,,,,
Knight_unlock,sc/ui.sc,,Knight,,3,0,,unlock,,,,,epic,,,,,,,708,,
Knight_hp,sc/ui.sc,health_icon,Knight,,,1,,hp,,,,,common,TID_ARMOR,TID_ARMOR_STAT,,,genicon_health,,,,
Knight_abi,sc/ui.sc,attack_icon,Knight,,,2,,skill,KnightWeapon,,,,common,TID_ASH_WEAPON,TID_STAT_DAMAGE,,,genicon_damage,,,,
Knight_ulti,sc/ui.sc,ulti_icon,Knight,,,3,,skill,KnightUlti,,,,common,TID_ASH_ULTI,TID_STAT_DAMAGE,,,genicon_damage,,,,
Knight_unique,sc/characters.sc,icon_sp_ash_1,Knight,,,4,,berserker,,40,,,common,TID_ASH_SP1,,,,genicon_health,,,,
Knight_unique_2,sc/characters.sc,icon_sp_ash_2,Knight,,,4,,projectile_speed,,500,,,common,TID_ASH_SP2,,,,genicon_damage,,,,
Knight_Gadget1,sc/characters.sc,icon_item_ash_1,Knight,,,5,,accessory,Knight_Gadget1,0,,,common,TID_ASH_GADGET1,,,,genicon_health,,,,
Knight_Gadget2,sc/characters.sc,icon_item_ash_2,Knight,,,5,,accessory,Knight_Gadget2,0,,,common,TID_ASH_GADGET2,,,,genicon_health,,,,
SnakeOil_unlock,sc/ui.sc,,SnakeOil,,,0,,unlock,,,,,mega_epic,,,,,,,507,,
SnakeOil_hp,sc/ui.sc,health_icon,SnakeOil,,,1,,hp,,,,,common,TID_ARMOR,TID_ARMOR_STAT,,,genicon_health,,,,
SnakeOil_abi,sc/ui.sc,attack_icon,SnakeOil,,,2,,skill,SnakeOilWeapon,,,,common,TID_BYRON_WEAPON,TID_STAT_DAMAGE_OR_HEAL,,,genicon_damage,,,,
SnakeOil_ulti,sc/ui.sc,ulti_icon,SnakeOil,,,3,,skill,SnakeOilUlti,,,,common,TID_BYRON_ULTI,TID_STAT_DAMAGE_OR_HEAL,,,genicon_damage,,,,
SnakeOil_unique,sc/ui.sc,,SnakeOil,,,4,,steal_souls,,600,,,common,TID_BYRON_SP1,,,,genicon_health,,,,
SnakeOil_unique_2,sc/ui.sc,,SnakeOil,,,4,,gain_damage_super,,500,,,common,TID_BYRON_SP2,,,,genicon_health,,,,
SnakeOil_Gadget1,sc/characters.sc,icon_item_byron_1,SnakeOil,,,5,,accessory,SnakeOil_Gadget1,0,,,common,TID_BYRON_GADGET1,,,,genicon_health,,,,
SnakeOil_Gadget2,sc/characters.sc,icon_item_byron_2,SnakeOil,true,,5,,accessory,SnakeOil_Gadget2,0,,,common,TID_BYRON_GADGET2,,,,genicon_health,,,,
RopeDude_unlock,sc/ui.sc,,RopeDude,,3,0,,unlock,,,,,epic,,,,,,,707,,
RopeDude_hp,sc/ui.sc,health_icon,RopeDude,,,1,,hp,,,,,common,TID_ARMOR,TID_ARMOR_STAT,,,genicon_health,,,,
RopeDude_abi,sc/ui.sc,attack_icon,RopeDude,,,2,,skill,RopeDudeWeapon,,,,common,TID_BUZZ_WEAPON,TID_STAT_DAMAGE,,,genicon_damage,,,,
RopeDude_ulti,sc/ui.sc,ulti_icon,RopeDude,,,3,,skill,RopeDudeUlti,,,,common,TID_BUZZ_ULTI,TID_STAT_DAMAGE,,,genicon_damage,,,,
RopeDude_unique,sc/ui.sc,,RopeDude,,,4,,speed_low_health,,80,99,,common,TID_BUZZ_SP1,,,,genicon_health,,,,
RopeDude_unique_2,sc/ui.sc,,RopeDude,,,4,,medikit,,50,750,12000,common,TID_BUZZ_SP2,,,,genicon_health,,,,
RopeDude_Gadget1,sc/ui.sc,icon_item_max_1,RopeDude,,,5,,accessory,RopeDude_Gadget1,0,,,common,TID_BUZZ_GADGET1,,,,genicon_health,,,,
RopeDude_Gadget2,sc/ui.sc,icon_item_max_1,RopeDude,true,,5,,accessory,RopeDude_Gadget2,0,,,common,TID_BUZZ_GADGET2,,,,genicon_health,,,,
MechaDude_unlock,sc/ui.sc,,MechaDude,,,0,,unlock,,,,,legendary,,,,,,,606,,
MechaDude_hp,sc/ui.sc,health_icon,MechaDude,,,1,,hp,,,,,common,TID_ARMOR,TID_ARMOR_STAT,,,genicon_health,,,,
MechaDude_abi,sc/ui.sc,attack_icon,MechaDude,,,2,,skill,MechaDudeWeapon,,,,common,TID_MEG_WEAPON,TID_STAT_DAMAGE,,,genicon_damage,,,,
MechaDude_ulti,sc/ui.sc,ulti_icon,MechaDude,,,3,,skill,MechaDudeUlti,,,,common,TID_MEG_ULTI,TID_STAT_DAMAGE,,,genicon_damage,,,,
MechaDude_unique,sc/characters.sc,icon_sp_meg_1,MechaDude,,,4,,low_health_shield,,99,35,,common,TID_MEG_SP1,,,,genicon_damage,,,,
MechaDude_unique_2,sc/characters.sc,icon_sp_meg_2,MechaDude,,,4,,pet_attack_speed,,25,,,common,TID_MEG_SP2,,,,genicon_health,,,,
MechaDude_Gadget1,sc/characters.sc,icon_item_meg_1,MechaDude,,,5,,accessory,MechaDude_Gadget1,1,20,,common,TID_MEG_GADGET1,,,,genicon_health,,,,
MechaDude_Gadget2,sc/ui.sc,icon_item_bull_1,MechaDude,true,,5,,accessory,MechaDude_Gadget2,1,20,,common,TID_MEG_GADGET2,,,,genicon_health,,,,
CrossBomber_unlock,sc/ui.sc,,CrossBomber,,,0,,unlock,,,,,epic,,,,,,,409,,
CrossBomber_hp,sc/ui.sc,health_icon,CrossBomber,,,1,,hp,,,,,common,TID_ARMOR,TID_ARMOR_STAT,,,genicon_health,,,,
CrossBomber_abi,sc/ui.sc,attack_icon,CrossBomber,,,2,,skill,CrossBomberWeapon,,,,common,TID_GROM_WEAPON,TID_STAT_DAMAGE,,,genicon_damage,,,,
CrossBomber_ulti,sc/ui.sc,ulti_icon,CrossBomber,,,3,,skill,CrossBomberUlti,,,,common,TID_GROM_ULTI,TID_STAT_DAMAGE,,,genicon_damage,,,,
CrossBomber_unique,sc/characters.sc,icon_sp_grom_1,CrossBomber,,,4,,speed_low_health,,150,99,,common,TID_GROM_SP1,,,,genicon_damage,,,,
CrossBomber_unique_2,sc/characters.sc,icon_sp_grom_2,CrossBomber,,,4,,projectile_speed,,650,,,common,TID_GROM_SP2,,,,genicon_damage,,,,
CrossBomber_Gadget1,sc/characters.sc,icon_item_grom_1,CrossBomber,,,5,,accessory,CrossBomber_Gadget1,17,,,common,TID_GROM_GADGET1,,,,genicon_health,,,,
CrossBomber_Gadget2,sc/characters.sc,icon_item_grom_2,CrossBomber,,,5,,accessory,CrossBomber_Gadget2,17,,,common,TID_GROM_GADGET2,,,,genicon_health,,,,
StickyBomb_unlock,sc/ui.sc,,StickyBomb,,,0,,unlock,,,,,mega_epic,,,,,,,508,,
StickyBomb_hp,sc/ui.sc,health_icon,StickyBomb,,,1,,hp,,,,,common,TID_ARMOR,TID_ARMOR_STAT,,,genicon_health,,,,
StickyBomb_abi,sc/ui.sc,attack_icon,StickyBomb,,,2,,skill,StickyBombWeapon,,,,common,TID_SQUEAK_WEAPON,TID_STAT_DAMAGE,,,genicon_damage,,,,
StickyBomb_ulti,sc/ui.sc,ulti_icon,StickyBomb,,,3,,skill,StickyBombUlti,,,,common,TID_SQUEAK_ULTI,TID_STAT_DAMAGE,,,genicon_damage,,,,
StickyBomb_unique,sc/ui.sc,icon_sp_brock_1,StickyBomb,,,4,,recharge,,280,,,common,TID_SQUEAK_SP1,,,,genicon_health,,,,
StickyBomb_unique_2,sc/ui.sc,icon_sp_bibi_3,StickyBomb,,,4,,gain_health,,300,,,common,TID_SQUEAK_SP2,,,,genicon_health,,,,
StickyBomb_Gadget1,sc/ui.sc,icon_item_max_1,StickyBomb,,,5,,accessory,StickyBomb_Gadget1,17,,,common,TID_SQUEAK_GADGET1,,,,genicon_health,,,,
StickyBomb_Gadget2,sc/ui.sc,icon_item_max_1,StickyBomb,true,,5,,accessory,StickyBomb_Gadget2,17,,,common,TID_SQUEAK_GADGET2,,,,genicon_health,,,,
Duplicator_unlock,sc/ui.sc,,Duplicator,,9,0,,unlock,,,,,epic,,,,,,,709,,
Duplicator_hp,sc/ui.sc,health_icon,Duplicator,,,1,,hp,,,,,common,TID_ARMOR,TID_ARMOR_STAT,,,genicon_health,,,,
Duplicator_abi,sc/ui.sc,attack_icon,Duplicator,,,2,,skill,DuplicatorWeapon,,,,common,TID_LOLA_WEAPON,TID_STAT_DAMAGE,,,genicon_damage,,,,
Duplicator_ulti,sc/ui.sc,ulti_icon,Duplicator,,,3,,skill,DuplicatorUlti,,,,common,TID_LOLA_ULTI,TID_STAT_DAMAGE,,,genicon_damage,,,,
Duplicator_unique,sc/characters.sc,icon_sp_lolla_1,Duplicator,,,4,,damage_main_attack,,143,,,common,TID_LOLA_SP1,,,,genicon_health,,,,
Duplicator_unique_2,sc/characters.sc,icon_sp_lolla_2,Duplicator,,,4,,heal_others_main_attack,,100,,,common,TID_LOLA_SP2,,,,genicon_health,,,,
Duplicator_Gadget1,sc/characters.sc,icon_item_lolla_1,Duplicator,,,5,,accessory,Duplicator_Gadget1,1,20,,common,TID_LOLA_GADGET1,,,,genicon_health,,,,
Duplicator_Gadget2,sc/characters.sc,icon_item_lolla_2,Duplicator,,,5,,accessory,Duplicator_Gadget2,0,,,common,TID_LOLA_GADGET2,,,,genicon_health,,,,
KickerDude_unlock,sc/ui.sc,,KickerDude,,10,0,,unlock,,,,,epic,,,,,,,710,,
KickerDude_hp,sc/ui.sc,health_icon,KickerDude,,,1,,hp,,,,,common,TID_ARMOR,TID_ARMOR_STAT,,,genicon_health,,,,
KickerDude_abi,sc/ui.sc,attack_icon,KickerDude,,,2,,skill,KickerDudeWeapon,,,,common,TID_FANG_WEAPON,TID_STAT_DAMAGE,,,genicon_damage,,,,
KickerDude_ulti,sc/ui.sc,ulti_icon,KickerDude,,,3,,skill,KickerDudeUlti,,,,common,TID_FANG_ULTI,TID_STAT_DAMAGE,,,genicon_damage,,,,
KickerDude_unique,sc/characters.sc,icon_sp_fang_1,KickerDude,,,4,,super_reload,,100,,,common,TID_FANG_SP1,,,,genicon_health,,,,
KickerDude_unique_2,sc/characters.sc,icon_sp_fang_2,KickerDude,,,4,,shield_charge,,15,100,,common,TID_FANG_SP2,,,,genicon_health,,,,
KickerDude_Gadget1,sc/characters.sc,icon_item_fang_1,KickerDude,,,5,,accessory,KickerDude_Gadget1,0,,,common,TID_FANG_GADGET1,,,,genicon_health,,,,
KickerDude_Gadget2,sc/characters.sc,icon_item_fang_2,KickerDude,,,5,,accessory,KickerDude_Gadget2,0,,,common,TID_FANG_GADGET2,,,,genicon_health,,,,
CannonGirl_unlock,sc/ui.sc,,CannonGirl,,,0,,unlock,,,,,epic,,,,,,,410,,
CannonGirl_hp,sc/ui.sc,health_icon,CannonGirl,,,1,,hp,,,,,common,TID_ARMOR,TID_ARMOR_STAT,,,genicon_health,,,,
CannonGirl_abi,sc/ui.sc,attack_icon,CannonGirl,,,2,,skill,CannonGirlWeapon,,,,common,TID_BONNIE_WEAPON,TID_STAT_DAMAGE,,,genicon_damage,,,,
CannonGirl_ulti,sc/ui.sc,ulti_icon,CannonGirl,,,3,,skill,CannonGirlUlti,,,,common,TID_BONNIE_ULTI,TID_STAT_DAMAGE,,,genicon_damage,,,,
CannonGirl_unique,sc/characters.sc,icon_sp_bonnie_2,CannonGirl,,,4,,main_attack_burn,,1400,,,common,TID_BONNIE_SP1,,,,genicon_damage,,,,
CannonGirl_unique_2,sc/characters.sc,icon_sp_bonnie_1,CannonGirl,,,4,,speed,,100,,,common,TID_BONNIE_SP2,,,,genicon_damage,,,,
CannonGirl_Gadget1,sc/characters.sc,icon_item_bonnie_1,CannonGirl,,,5,,accessory,CannonGirl_Gadget1,0,,,common,TID_BONNIE_GADGET1,,,,genicon_health,,,,
CannonGirl_Gadget2,sc/characters.sc,icon_item_bonnie_1,CannonGirl,true,,5,,accessory,CannonGirl_Gadget2,0,,,common,TID_BONNIE_GADGET2,,,,genicon_health,,,,
JetpackGirl_unlock,sc/ui.sc,,JetpackGirl,,12,0,,unlock,,,,,epic,,,,,,,712,,
JetpackGirl_hp,sc/ui.sc,health_icon,JetpackGirl,,,1,,hp,,,,,common,TID_ARMOR,TID_ARMOR_STAT,,,genicon_health,,,,
JetpackGirl_abi,sc/ui.sc,attack_icon,JetpackGirl,,,2,,skill,JetpackGirlWeapon,,,,common,TID_JANET_WEAPON,TID_STAT_DAMAGE,,,genicon_damage,,,,
JetpackGirl_ulti,sc/ui.sc,ulti_icon,JetpackGirl,,,3,,skill,JetpackGirlUlti,,,,common,TID_JANET_ULTI,TID_STAT_DAMAGE,,,genicon_damage,,,,
JetpackGirl_unique,sc/characters.sc,icon_sp_janet_1,JetpackGirl,,,4,,spot_from_air,,7,,,common,TID_JANET_SP1,,,,genicon_health,,,,
JetpackGirl_unique_2,sc/characters.sc,icon_sp_janet_2,JetpackGirl,,,4,,super_range,,7,40,,common,TID_JANET_SP2,,,,genicon_health,,,,
JetpackGirl_Gadget1,sc/characters.sc,icon_item_janet_1,JetpackGirl,,,5,,accessory,JetpackGirl_Gadget1,0,,,common,TID_JANET_GADGET1,,,,genicon_health,,,,
JetpackGirl_Gadget2,sc/characters.sc,icon_item_janet_1,JetpackGirl,true,,5,,accessory,JetpackGirl_Gadget2,0,,,common,TID_JANET_GADGET2,,,,genicon_health,,,,
Flea_unlock,sc/ui.sc,,Flea,,11,0,,unlock,,,,,epic,,,,,,,711,,
Flea_hp,sc/ui.sc,health_icon,Flea,,,1,,hp,,,,,common,TID_ARMOR,TID_ARMOR_STAT,,,genicon_health,,,,
Flea_abi,sc/ui.sc,attack_icon,Flea,,,2,,skill,FleaWeapon,,,,common,TID_EVE_WEAPON,TID_STAT_DAMAGE,,,genicon_damage,,,,
Flea_ulti,sc/ui.sc,ulti_icon,Flea,,,3,,skill,FleaUlti,,,,common,TID_EVE_ULTI,TID_STAT_DAMAGE,,,genicon_damage,,,,
Flea_unique,sc/characters.sc,icon_sp_eve_1,Flea,,,4,,repair_turret,,400,,,common,TID_EVE_SP1,,,,genicon_health,,,,
Flea_unique_2,sc/characters.sc,icon_sp_eve_2,Flea,,,4,,ulti_heals_self,,320,,,common,TID_EVE_SP2,,,,genicon_health,,,,
Flea_Gadget1,sc/characters.sc,icon_item_eve_1,Flea,,,5,,accessory,Flea_Gadget1,0,,,common,TID_EVE_GADGET1,,,,genicon_health,,,,
Flea_Gadget2,sc/characters.sc,icon_item_eve_1,Flea,true,,5,,accessory,Flea_Gadget2,0,,,common,TID_EVE_GADGET2,,,,genicon_health,,,,
Silencer_unlock,sc/ui.sc,,Silencer,,13,0,,unlock,,,,,epic,,,,,,,713,,
Silencer_hp,sc/ui.sc,health_icon,Silencer,,,1,,hp,,,,,common,TID_ARMOR,TID_ARMOR_STAT,,,genicon_health,,,,
Silencer_abi,sc/ui.sc,attack_icon,Silencer,,,2,,skill,SilencerWeapon,,,,common,TID_OTIS_WEAPON,TID_STAT_DAMAGE,,,genicon_damage,,,,
Silencer_ulti,sc/ui.sc,ulti_icon,Silencer,,,3,,skill,SilencerUlti,,,,common,TID_OTIS_ULTI,TID_STAT_DAMAGE,,,genicon_damage,,,,
Silencer_unique,sc/characters.sc,icon_sp_mortis_1,Silencer,,,4,,ulti_heals_self,,1500,,,common,TID_OTIS_SP1,,,,genicon_health,,,,
Silencer_unique_2,sc/characters.sc,icon_sp_max_2,Silencer,,,4,,extra_bullet,,1,,,common,TID_OTIS_SP2,,,,genicon_health,,,,
Silencer_Gadget1,sc/characters.sc,icon_item_darryl_1,Silencer,,,5,,accessory,Silencer_Gadget1,0,,,common,TID_OTIS_GADGET1,,,,genicon_health,,,,
Silencer_Gadget2,sc/characters.sc,icon_item_shelly_2,Silencer,,,5,,accessory,Silencer_Gadget2,0,,,common,TID_OTIS_GADGET2,,,,genicon_health,,,,
ElectroSniper_unlock,sc/ui.sc,,ElectroSniper,,6,0,,unlock,,,,,epic,,,,,,,706,,
ElectroSniper_hp,sc/ui.sc,health_icon,ElectroSniper,,,1,,hp,,,,,common,TID_ARMOR,TID_ARMOR_STAT,,,genicon_health,,,,
ElectroSniper_abi,sc/ui.sc,attack_icon,ElectroSniper,,,2,,skill,ElectroSniperWeapon,,,,common,TID_ELECTRO_SNIPER_WEAPON,TID_STAT_DAMAGE,,,genicon_damage,,,,
ElectroSniper_ulti,sc/ui.sc,ulti_icon,ElectroSniper,,,3,,skill,ElectroSniperUlti,,,,common,TID_ELECTRO_SNIPER_ULTI,TID_STAT_DAMAGE,,,genicon_damage,,,,
,,,,,,,,,,,,,,,,,,,,,,
