Name,IconSWF,IconExportName,LocalizedName,SortOrder,Enabled,EnabledCN,FileName,TestLanguage,UsedSystemFont,PreferedFallbackFont,ForcedFontFullName,HelpshiftSDKLanguage,HelpshiftSDKLanguageAndroid,TestExcludes,LoadAllLanguages,ChampionshipRegisterUrl,ChampionshipRegisterUrl_cn,TermsAndServiceUrl,ParentsGuideUrl,PrivacyPolicyUrl,LaserboxUrl,LaserboxUrlCN,LaserboxStagingUrl,LaserboxStagingUrlCN,LaserboxCommunityUrl,LaserboxCommunityUrlCN,LaserboxCommunityStagingUrl,LaserboxCommunityStagingUrlCN,LaserboxLangCode,FaqUrl_ios,FaqUrl_ios_cn,FaqUrl_android,FaqUrl_android_cn,ContactUsUrl_ios,ContactUsUrl_ios_cn,ContactUsUrl_android,ContactUsUrl_android_cn,LaserboxEnabled,IsRTL,isNounAdj,SeparateThousandsWithSpaces,SelfHelpUrl,SelfHelpUrlCN,FallbackToHelpshift,FallbackToHelpshiftCN,TermsAndServiceUrl_Tencent_android,ParentsGuideUrl_Tencent_android,PrivacyPolicyUrl_Tencent_android,TermsAndServiceUrl_Tencent_ios,ParentsGuideUrl_Tencent_ios,PrivacyPolicyUrl_Tencent_ios,TermsAndServiceUrl_Yoozoo,ParentsGuideUrl_Yoozoo,PrivacyPolicyUrl_Yoozoo,DeviceMigrationSelfHelpUrl
String,String,String,String,int,Boolean,Boolean,String,Boolean,String,String,String,String,String,String,Boolean,String,String,String,String,String,String,String,String,String,String,String,String,String,String,String,String,String,String,String,String,String,String,Boolean,Boolean,Boolean,Boolean,String,String,Boolean,Boolean,String,String,String,String,String,String,String,String,String,String
EN,sc/ui.sc,flag_gb,English,0,true,true,localization/texts.csv,,,,,en,,,,http://www.supr.cl/bsc,https://www.bsesports.cn/bscrule.html,http://supercell.com/en/terms-of-service/,https://www.tiktok.com/@jesuimt?_t=8ZmxNbpgDDi&_r=1,http://www.supercell.com/en/privacy-policy/,https://inbox.brawlstars.com/,https://brawlstars.scinbox.qq.com/,https://staging.inbox.brawlstars.com/,https://testbrawlstars.scinbox.qq.com/,https://inbox.brawlstars.com/community/,,https://staging.inbox.brawlstars.com/community/,,,https://www.tiktok.com/@jesuimt?_t=8ZmxNbpgDDi&_r=1,https://www.tiktok.com/@jesuimt?_t=8ZmxNbpgDDi&_r=1,https://www.tiktok.com/@jesuimt?_t=8ZmxNbpgDDi&_r=1,https://www.tiktok.com/@jesuimt?_t=8ZmxNbpgDDi&_r=1,https://www.tiktok.com/@jesuimt?_t=8ZmxNbpgDDi&_r=1,https://www.tiktok.com/@jesuimt?_t=8ZmxNbpgDDi&_r=1,https://www.tiktok.com/@jesuimt?_t=8ZmxNbpgDDi&_r=1,https://www.tiktok.com/@jesuimt?_t=8ZmxNbpgDDi&_r=1,,,,,https://www.tiktok.com/@jesuimt?_t=8ZmxNbpgDDi&_r=1,https://www.tiktok.com/@jesuimt?_t=8ZmxNbpgDDi&_r=1,,,http://supercell.com/en/terms-of-service/,https://www.tiktok.com/@jesuimt?_t=8ZmxNbpgDDi&_r=1,http://game.qq.com/privacy_guide_en.shtml,http://supercell.com/en/terms-of-service/,https://www.tiktok.com/@jesuimt?_t=8ZmxNbpgDDi&_r=1,http://game.qq.com/privacy_guide_en.shtml,http://supercell.com/en/terms-of-service/,https://www.tiktok.com/@jesuimt?_t=8ZmxNbpgDDi&_r=1,https://m.youzu.com/about/privacy.html?noheader=100&cid=m_bs_privacy,https://game-assets.tencent-cloud.com/self-help/brawl-stars/en/account/index.html
CN,sc/ui.sc,flag_gb,简体中文,5,true,true,localization/cn.csv,,STHeitiSC-Medium,,,zh-Hans,zh_CN,,,http://www.supr.cl/bsc,https://www.bsesports.cn/bscrule.html,http://supercell.com/en/terms-of-service/cn,https://www.tiktok.com/@jesuimt?_t=8ZmxNbpgDDi&_r=1,http://www.supercell.com/en/privacy-policy/cn,https://inbox.brawlstars.com/,https://brawlstars.scinbox.qq.com/,https://staging.inbox.brawlstars.com/,https://testbrawlstars.scinbox.qq.com/,https://inbox.brawlstars.com/community/,,https://staging.inbox.brawlstars.com/community/,,,https://www.tiktok.com/@jesuimt?_t=8ZmxNbpgDDi&_r=1,https://www.tiktok.com/@jesuimt?_t=8ZmxNbpgDDi&_r=1,https://www.tiktok.com/@jesuimt?_t=8ZmxNbpgDDi&_r=1,https://www.tiktok.com/@jesuimt?_t=8ZmxNbpgDDi&_r=1,https://www.tiktok.com/@jesuimt?_t=8ZmxNbpgDDi&_r=1,https://www.tiktok.com/@jesuimt?_t=8ZmxNbpgDDi&_r=1,https://www.tiktok.com/@jesuimt?_t=8ZmxNbpgDDi&_r=1,https://www.tiktok.com/@jesuimt?_t=8ZmxNbpgDDi&_r=1,,,,,https://www.tiktok.com/@jesuimt?_t=8ZmxNbpgDDi&_r=1,https://www.tiktok.com/@jesuimt?_t=8ZmxNbpgDDi&_r=1,,,http://supercell.com/en/terms-of-service/,https://www.tiktok.com/@jesuimt?_t=8ZmxNbpgDDi&_r=1,http://game.qq.com/privacy_guide.shtml,http://supercell.com/en/terms-of-service/,https://www.tiktok.com/@jesuimt?_t=8ZmxNbpgDDi&_r=1,http://game.qq.com/privacy_guide.shtml,http://supercell.com/en/terms-of-service/,https://www.tiktok.com/@jesuimt?_t=8ZmxNbpgDDi&_r=1,https://m.youzu.com/about/privacy.html?noheader=100&cid=m_bs_privacy,https://game-assets.tencent-cloud.com/self-help/brawl-stars/zh_cn/account/index.html
AR,sc/ui.sc,flag_gb,العربية,18,true,false,localization/ar.csv,,,,,ar,,,,http://www.supr.cl/bsc,https://www.bsesports.cn/bscrule.html,http://supercell.com/en/terms-of-service/ar/,https://www.tiktok.com/@jesuimt?_t=8ZmxNbpgDDi&_r=1,http://www.supercell.com/en/privacy-policy/ar/,https://inbox.brawlstars.com/,,https://staging.inbox.brawlstars.com/ar/,,https://inbox.brawlstars.com/ar/community/,,https://staging.inbox.brawlstars.com/ar/community/,,ar,https://www.tiktok.com/@jesuimt?_t=8ZmxNbpgDDi&_r=1,https://www.tiktok.com/@jesuimt?_t=8ZmxNbpgDDi&_r=1,https://www.tiktok.com/@jesuimt?_t=8ZmxNbpgDDi&_r=1,https://www.tiktok.com/@jesuimt?_t=8ZmxNbpgDDi&_r=1,https://www.tiktok.com/@jesuimt?_t=8ZmxNbpgDDi&_r=1,https://www.tiktok.com/@jesuimt?_t=8ZmxNbpgDDi&_r=1,https://www.tiktok.com/@jesuimt?_t=8ZmxNbpgDDi&_r=1,https://www.tiktok.com/@jesuimt?_t=8ZmxNbpgDDi&_r=1,,TRUE,,,https://www.tiktok.com/@jesuimt?_t=8ZmxNbpgDDi&_r=1,,,TRUE,,,,,,,,,,
FR,sc/ui.sc,flag_gb,Français,1,true,false,localization/fr.csv,,,,,fr,,,,http://www.supr.cl/bsc,https://www.bsesports.cn/bscrule.html,http://supercell.com/en/terms-of-service/fr,https://www.tiktok.com/@jesuimt?_t=8ZmxNbpgDDi&_r=1,http://www.supercell.com/en/privacy-policy/fr,https://inbox.brawlstars.com/fr/,,https://staging.inbox.brawlstars.com/fr/,,https://inbox.brawlstars.com/fr/community/,,https://staging.inbox.brawlstars.com/fr/community/,,fr,https://www.tiktok.com/@jesuimt?_t=8ZmxNbpgDDi&_r=1,https://www.tiktok.com/@jesuimt?_t=8ZmxNbpgDDi&_r=1,https://www.tiktok.com/@jesuimt?_t=8ZmxNbpgDDi&_r=1,https://www.tiktok.com/@jesuimt?_t=8ZmxNbpgDDi&_r=1,https://www.tiktok.com/@jesuimt?_t=8ZmxNbpgDDi&_r=1,https://www.tiktok.com/@jesuimt?_t=8ZmxNbpgDDi&_r=1,https://www.tiktok.com/@jesuimt?_t=8ZmxNbpgDDi&_r=1,https://www.tiktok.com/@jesuimt?_t=8ZmxNbpgDDi&_r=1,,,TRUE,TRUE,https://www.tiktok.com/@jesuimt?_t=8ZmxNbpgDDi&_r=1,,,TRUE,,,,,,,,,,
DOUBLE,sc/ui.sc,flag_gb,Double,101,false,false,localization/texts.csv,TRUE,,,,en,,,,http://www.supr.cl/bsc,https://www.bsesports.cn/bscrule.html,http://supercell.com/en/terms-of-service/,https://www.tiktok.com/@jesuimt?_t=8ZmxNbpgDDi&_r=1,http://www.supercell.com/en/privacy-policy/,https://inbox.brawlstars.com/,,https://staging.inbox.brawlstars.com/,,https://inbox.brawlstars.com/community/,,https://staging.inbox.brawlstars.com/community/,,,https://www.tiktok.com/@jesuimt?_t=8ZmxNbpgDDi&_r=1,https://www.tiktok.com/@jesuimt?_t=8ZmxNbpgDDi&_r=1,https://www.tiktok.com/@jesuimt?_t=8ZmxNbpgDDi&_r=1,https://www.tiktok.com/@jesuimt?_t=8ZmxNbpgDDi&_r=1,https://www.tiktok.com/@jesuimt?_t=8ZmxNbpgDDi&_r=1,https://www.tiktok.com/@jesuimt?_t=8ZmxNbpgDDi&_r=1,https://www.tiktok.com/@jesuimt?_t=8ZmxNbpgDDi&_r=1,https://www.tiktok.com/@jesuimt?_t=8ZmxNbpgDDi&_r=1,,,,,https://www.tiktok.com/@jesuimt?_t=8ZmxNbpgDDi&_r=1,,,TRUE,,,,,,,,,,
EMPTY,sc/ui.sc,flag_gb,Empty,102,false,false,localization/texts.csv,TRUE,,,,en,,,,http://www.supr.cl/bsc,https://www.bsesports.cn/bscrule.html,http://supercell.com/en/terms-of-service/,https://www.tiktok.com/@jesuimt?_t=8ZmxNbpgDDi&_r=1,http://www.supercell.com/en/privacy-policy/,https://inbox.brawlstars.com/,,https://staging.inbox.brawlstars.com/,,https://inbox.brawlstars.com/community/,,https://staging.inbox.brawlstars.com/community/,,,https://www.tiktok.com/@jesuimt?_t=8ZmxNbpgDDi&_r=1,https://www.tiktok.com/@jesuimt?_t=8ZmxNbpgDDi&_r=1,https://www.tiktok.com/@jesuimt?_t=8ZmxNbpgDDi&_r=1,https://www.tiktok.com/@jesuimt?_t=8ZmxNbpgDDi&_r=1,https://www.tiktok.com/@jesuimt?_t=8ZmxNbpgDDi&_r=1,https://www.tiktok.com/@jesuimt?_t=8ZmxNbpgDDi&_r=1,https://www.tiktok.com/@jesuimt?_t=8ZmxNbpgDDi&_r=1,https://www.tiktok.com/@jesuimt?_t=8ZmxNbpgDDi&_r=1,,,,,https://www.tiktok.com/@jesuimt?_t=8ZmxNbpgDDi&_r=1,,,TRUE,,,,,,,,,,
DOUBLEDOUBLE,sc/ui.sc,flag_gb,DoubleDouble,103,false,false,localization/texts.csv,TRUE,,,,en,,,,http://www.supr.cl/bsc,https://www.bsesports.cn/bscrule.html,http://supercell.com/en/terms-of-service/,https://www.tiktok.com/@jesuimt?_t=8ZmxNbpgDDi&_r=1,http://www.supercell.com/en/privacy-policy/,https://inbox.brawlstars.com/,,https://staging.inbox.brawlstars.com/,,https://inbox.brawlstars.com/community/,,https://staging.inbox.brawlstars.com/community/,,,https://www.tiktok.com/@jesuimt?_t=8ZmxNbpgDDi&_r=1,https://www.tiktok.com/@jesuimt?_t=8ZmxNbpgDDi&_r=1,https://www.tiktok.com/@jesuimt?_t=8ZmxNbpgDDi&_r=1,https://www.tiktok.com/@jesuimt?_t=8ZmxNbpgDDi&_r=1,https://www.tiktok.com/@jesuimt?_t=8ZmxNbpgDDi&_r=1,https://www.tiktok.com/@jesuimt?_t=8ZmxNbpgDDi&_r=1,https://www.tiktok.com/@jesuimt?_t=8ZmxNbpgDDi&_r=1,https://www.tiktok.com/@jesuimt?_t=8ZmxNbpgDDi&_r=1,,,,,https://www.tiktok.com/@jesuimt?_t=8ZmxNbpgDDi&_r=1,,,TRUE,,,,,,,,,,
TEXT,sc/ui.sc,flag_gb,Longest text,104,false,false,localization/texts.csv,TRUE,,,,en,,CN,TRUE,http://www.supr.cl/bsc,https://www.bsesports.cn/bscrule.html,http://supercell.com/en/terms-of-service/,https://www.tiktok.com/@jesuimt?_t=8ZmxNbpgDDi&_r=1,http://www.supercell.com/en/privacy-policy/,https://inbox.brawlstars.com/,,https://staging.inbox.brawlstars.com/,,https://inbox.brawlstars.com/community/,,https://staging.inbox.brawlstars.com/community/,,,https://www.tiktok.com/@jesuimt?_t=8ZmxNbpgDDi&_r=1,https://www.tiktok.com/@jesuimt?_t=8ZmxNbpgDDi&_r=1,https://www.tiktok.com/@jesuimt?_t=8ZmxNbpgDDi&_r=1,https://www.tiktok.com/@jesuimt?_t=8ZmxNbpgDDi&_r=1,https://www.tiktok.com/@jesuimt?_t=8ZmxNbpgDDi&_r=1,https://www.tiktok.com/@jesuimt?_t=8ZmxNbpgDDi&_r=1,https://www.tiktok.com/@jesuimt?_t=8ZmxNbpgDDi&_r=1,https://www.tiktok.com/@jesuimt?_t=8ZmxNbpgDDi&_r=1,,,,,https://www.tiktok.com/@jesuimt?_t=8ZmxNbpgDDi&_r=1,,,TRUE,,,,,,,,,,
,,,,,,,,,,,,,,CNT,,,,,,,,,,,,,,,,,,,,,,,,,,,,,,,,,,,,,,,,,
,,,,,,,,,,,,,,KR,,,,,,,,,,,,,,,,,,,,,,,,,,,,,,,,,,,,,,,,,
,,,,,,,,,,,,,,AR,,,,,,,,,,,,,,,,,,,,,,,,,,,,,,,,,,,,,,,,,
,,,,,,,,,,,,,,JP,,,,,,,,,,,,,,,,,,,,,,,,,,,,,,,,,,,,,,,,,
,,,,,,,,,,,,,,TH,,,,,,,,,,,,,,,,,,,,,,,,,,,,,,,,,,,,,,,,,
WORD,sc/ui.sc,flag_gb,Longest Word,105,false,false,localization/texts.csv,TRUE,,,,en,,CN,TRUE,http://www.supr.cl/bsc,https://www.bsesports.cn/bscrule.html,http://supercell.com/en/terms-of-service/,https://youtube.com/channel/UCvWgDPOQuSgGiuBXu3VA9zg,http://www.supercell.com/en/privacy-policy/,https://inbox.brawlstars.com/,,https://staging.inbox.brawlstars.com/,,https://inbox.brawlstars.com/community/,,https://staging.inbox.brawlstars.com/community/,,,https://t.me/MultiBrawlZap,https://t.me/MultiBrawlZap,https://t.me/MultiBrawlZap,https://t.me/MultiBrawlZap,https://t.me/MultiBrawlZap,https://t.me/MultiBrawlZap,https://t.me/MultiBrawlZap,https://t.me/MultiBrawlZap,,,,,https://t.me/MultiBrawlZap,,,TRUE,,,,,,,,,,
,,,,,,,,,,,,,,CNT,,,,,,,,,,,,,,,,,,,,,,,,,,,,,,,,,,,,,,,,,
,,,,,,,,,,,,,,KR,,,,,,,,,,,,,,,,,,,,,,,,,,,,,,,,,,,,,,,,,
,,,,,,,,,,,,,,AR,,,,,,,,,,,,,,,,,,,,,,,,,,,,,,,,,,,,,,,,,
,,,,,,,,,,,,,,JP,,,,,,,,,,,,,,,,,,,,,,,,,,,,,,,,,,,,,,,,,
,,,,,,,,,,,,,,TH,,,,,,,,,,,,,,,,,,,,,,,,,,,,,,,,,,,,,,,,,
DE,sc/ui.sc,flag_gb,Deutsch,2,true,false,localization/de.csv,,,,,de,,,,http://www.supr.cl/bsc,https://www.bsesports.cn/bscrule.html,http://supercell.com/en/terms-of-service/de,https://youtube.com/channel/UCvWgDPOQuSgGiuBXu3VA9zg,http://www.supercell.com/en/privacy-policy/de,https://inbox.brawlstars.com/de/,,https://staging.inbox.brawlstars.com/de/,,https://inbox.brawlstars.com/de/community/,,https://staging.inbox.brawlstars.com/de/community/,,de,https://t.me/MultiBrawlZap,https://t.me/MultiBrawlZap,https://t.me/MultiBrawlZap,https://t.me/MultiBrawlZap,https://t.me/MultiBrawlZap,https://t.me/MultiBrawlZap,https://t.me/MultiBrawlZap,https://t.me/MultiBrawlZap,,,,TRUE,https://t.me/MultiBrawlZap,,,TRUE,,,,,,,,,,
ES,sc/ui.sc,flag_gb,Español,3,true,false,localization/es.csv,,,,,es,,,,http://www.supr.cl/bsc,https://www.bsesports.cn/bscrule.html,http://supercell.com/en/terms-of-service/es,https://youtube.com/channel/UCvWgDPOQuSgGiuBXu3VA9zg,http://www.supercell.com/en/privacy-policy/es,https://inbox.brawlstars.com/es/,,https://staging.inbox.brawlstars.com/es/,,https://inbox.brawlstars.com/es/community/,,https://staging.inbox.brawlstars.com/es/community/,,es,https://t.me/MultiBrawlZap,https://t.me/MultiBrawlZap,https://t.me/MultiBrawlZap,https://t.me/MultiBrawlZap,https://t.me/MultiBrawlZap,https://t.me/MultiBrawlZap,https://t.me/MultiBrawlZap,https://t.me/MultiBrawlZap,,,,,https://t.me/MultiBrawlZap,,,TRUE,,,,,,,,,,
IT,sc/ui.sc,flag_gb,Italiano,4,true,false,localization/it.csv,,,,,it,,,,http://www.supr.cl/bsc,https://www.bsesports.cn/bscrule.html,http://supercell.com/en/terms-of-service/it,https://youtube.com/channel/UCvWgDPOQuSgGiuBXu3VA9zg,http://www.supercell.com/en/privacy-policy/it,https://inbox.brawlstars.com/it/,,https://staging.inbox.brawlstars.com/it/,,https://inbox.brawlstars.com/it/community/,,https://staging.inbox.brawlstars.com/it/community/,,it,https://t.me/MultiBrawlZap,https://t.me/MultiBrawlZap,https://t.me/MultiBrawlZap,https://t.me/MultiBrawlZap,https://t.me/MultiBrawlZap,https://t.me/MultiBrawlZap,https://t.me/MultiBrawlZap,https://t.me/MultiBrawlZap,,,,,https://t.me/MultiBrawlZap,,,TRUE,,,,,,,,,,
JP,sc/ui.sc,flag_gb,日本語,7,true,false,localization/jp.csv,,HiraKakuProN-W6,,,ja,,,,http://www.supr.cl/bsc,https://www.bsesports.cn/bscrule.html,http://supercell.com/en/terms-of-service/jp,https://youtube.com/channel/UCvWgDPOQuSgGiuBXu3VA9zg,http://www.supercell.com/en/privacy-policy/jp,https://inbox.brawlstars.com/ja/,,https://staging.inbox.brawlstars.com/ja/,,https://inbox.brawlstars.com/ja/community/,,https://staging.inbox.brawlstars.com/ja/community/,,ja,https://t.me/MultiBrawlZap,https://t.me/MultiBrawlZap,https://t.me/MultiBrawlZap,https://t.me/MultiBrawlZap,https://t.me/MultiBrawlZap,https://t.me/MultiBrawlZap,https://t.me/MultiBrawlZap,https://t.me/MultiBrawlZap,,,,,https://t.me/MultiBrawlZap,,,TRUE,,,,,,,,,,
CNT,sc/ui.sc,flag_gb,繁體中文,6,true,false,localization/cnt.csv,,STHeitiSC-Medium,,,zh-Hant,zh_TW,,,http://www.supr.cl/bsc,https://www.bsesports.cn/bscrule.html,http://supercell.com/en/terms-of-service/tw,https://youtube.com/channel/UCvWgDPOQuSgGiuBXu3VA9zg,http://www.supercell.com/en/privacy-policy/tw,https://inbox.brawlstars.com/zh/,,https://staging.inbox.brawlstars.com/zh/,,https://inbox.brawlstars.com/community/,,https://staging.inbox.brawlstars.com/community/,,zh,https://t.me/MultiBrawlZap,https://t.me/MultiBrawlZap,https://t.me/MultiBrawlZap,https://t.me/MultiBrawlZap,https://t.me/MultiBrawlZap,https://t.me/MultiBrawlZap,https://t.me/MultiBrawlZap,https://t.me/MultiBrawlZap,,,,,https://t.me/MultiBrawlZap,,,TRUE,,,,,,,,,,
KR,sc/ui.sc,flag_gb,한국어,8,true,false,localization/kr.csv,,,,,ko,,,,http://www.supr.cl/bsc,https://www.bsesports.cn/bscrule.html,http://supercell.com/en/terms-of-service/ko,https://youtube.com/channel/UCvWgDPOQuSgGiuBXu3VA9zg,http://www.supercell.com/en/privacy-policy/ko,https://inbox.brawlstars.com/ko/,,https://staging.inbox.brawlstars.com/ko/,,https://inbox.brawlstars.com/ko/community/,,https://staging.inbox.brawlstars.com/ko/community/,,ko,https://t.me/MultiBrawlZap,https://t.me/MultiBrawlZap,https://t.me/MultiBrawlZap,https://t.me/MultiBrawlZap,https://t.me/MultiBrawlZap,https://t.me/MultiBrawlZap,https://t.me/MultiBrawlZap,https://t.me/MultiBrawlZap,,,,,https://t.me/MultiBrawlZap,,,TRUE,,,,,,,,,,
NL,sc/ui.sc,flag_gb,Nederlands,11,true,false,localization/nl.csv,,,,,nl,,,,http://www.supr.cl/bsc,https://www.bsesports.cn/bscrule.html,http://supercell.com/en/terms-of-service/,https://youtube.com/channel/UCvWgDPOQuSgGiuBXu3VA9zg,http://www.supercell.com/en/privacy-policy/,https://inbox.brawlstars.com/,,https://staging.inbox.brawlstars.com/nl/,,https://inbox.brawlstars.com/nl/community/,,https://staging.inbox.brawlstars.com/nl/community/,,nl,https://t.me/MultiBrawlZap,https://t.me/MultiBrawlZap,https://t.me/MultiBrawlZap,https://t.me/MultiBrawlZap,https://t.me/MultiBrawlZap,https://t.me/MultiBrawlZap,https://t.me/MultiBrawlZap,https://t.me/MultiBrawlZap,,,,,https://t.me/MultiBrawlZap,,,TRUE,,,,,,,,,,
PT,sc/ui.sc,flag_gb,Português,9,true,false,localization/pt.csv,,,,,pt,pt_Br,,,http://www.supr.cl/bsc,https://www.bsesports.cn/bscrule.html,http://supercell.com/en/terms-of-service/pt,https://youtube.com/channel/UCvWgDPOQuSgGiuBXu3VA9zg,http://www.supercell.com/en/privacy-policy/pt,https://inbox.brawlstars.com/pt/,,https://staging.inbox.brawlstars.com/pt/,,https://inbox.brawlstars.com/pt/community/,,https://staging.inbox.brawlstars.com/pt/community/,,pt,https://t.me/MultiBrawlZap,https://t.me/MultiBrawlZap,https://t.me/MultiBrawlZap,https://t.me/MultiBrawlZap,https://t.me/MultiBrawlZap,https://t.me/MultiBrawlZap,https://t.me/MultiBrawlZap,https://t.me/MultiBrawlZap,,,,,https://t.me/MultiBrawlZap,,,TRUE,,,,,,,,,,
RU,sc/ui.sc,flag_gb,Pусский,10,true,false,localization/ru.csv,,,,,ru,,,,http://www.supr.cl/bsc,https://www.bsesports.cn/bscrule.html,http://supercell.com/en/terms-of-service/ru,https://youtube.com/channel/UCvWgDPOQuSgGiuBXu3VA9zg,http://www.supercell.com/en/privacy-policy/ru,https://inbox.brawlstars.com/ru/,,https://staging.inbox.brawlstars.com/ru/,,https://inbox.brawlstars.com/ru/community/,,https://staging.inbox.brawlstars.com/ru/community/,,ru,https://t.me/MultiBrawlZap,https://t.me/MultiBrawlZap,https://t.me/MultiBrawlZap,https://t.me/MultiBrawlZap,https://t.me/MultiBrawlZap,https://t.me/MultiBrawlZap,https://t.me/MultiBrawlZap,https://t.me/MultiBrawlZap,,,,TRUE,https://t.me/MultiBrawlZap,,,TRUE,,,,,,,,,,
TR,sc/ui.sc,flag_gb,Türkçe,12,true,false,localization/tr.csv,,,,,tr,,,,http://www.supr.cl/bsc,https://www.bsesports.cn/bscrule.html,http://supercell.com/en/terms-of-service/tr,https://youtube.com/channel/UCvWgDPOQuSgGiuBXu3VA9zg,http://www.supercell.com/en/privacy-policy/tr,https://inbox.brawlstars.com/tr/,,https://staging.inbox.brawlstars.com/tr/,,https://inbox.brawlstars.com/tr/community/,,https://staging.inbox.brawlstars.com/tr/community/,,tr,https://t.me/MultiBrawlZap,https://t.me/MultiBrawlZap,https://t.me/MultiBrawlZap,https://t.me/MultiBrawlZap,https://t.me/MultiBrawlZap,https://t.me/MultiBrawlZap,https://t.me/MultiBrawlZap,https://t.me/MultiBrawlZap,,,,,https://t.me/MultiBrawlZap,,,TRUE,,,,,,,,,,
ID,sc/ui.sc,flag_gb,Bahasa Indonesia,17,true,false,localization/id.csv,,,,,id,,,,http://www.supr.cl/bsc,https://www.bsesports.cn/bscrule.html,http://supercell.com/en/terms-of-service/,https://youtube.com/channel/UCvWgDPOQuSgGiuBXu3VA9zg,http://www.supercell.com/en/privacy-policy/,https://inbox.brawlstars.com/id/,,https://staging.inbox.brawlstars.com/id/,,https://inbox.brawlstars.com/id/community/,,https://staging.inbox.brawlstars.com/id/community/,,id,https://t.me/MultiBrawlZap,https://t.me/MultiBrawlZap,https://t.me/MultiBrawlZap,https://t.me/MultiBrawlZap,https://t.me/MultiBrawlZap,https://t.me/MultiBrawlZap,https://t.me/MultiBrawlZap,https://t.me/MultiBrawlZap,,,,,https://t.me/MultiBrawlZap,,,TRUE,,,,,,,,,,
MS,sc/ui.sc,flag_gb,Bahasa Melayu,14,true,false,localization/ms.csv,,,,,ms,,,,http://www.supr.cl/bsc,https://www.bsesports.cn/bscrule.html,http://supercell.com/en/terms-of-service/,https://youtube.com/channel/UCvWgDPOQuSgGiuBXu3VA9zg,http://www.supercell.com/en/privacy-policy/,https://inbox.brawlstars.com/,,https://staging.inbox.brawlstars.com/ms/,,https://inbox.brawlstars.com/ms/community/,,https://staging.inbox.brawlstars.com/ms/community/,,ms,https://t.me/MultiBrawlZap,https://t.me/MultiBrawlZap,https://t.me/MultiBrawlZap,https://t.me/MultiBrawlZap,https://t.me/MultiBrawlZap,https://t.me/MultiBrawlZap,https://t.me/MultiBrawlZap,https://t.me/MultiBrawlZap,,,,,https://t.me/MultiBrawlZap,,,TRUE,,,,,,,,,,
VI,sc/ui.sc,flag_gb,Tiếng Việt,15,true,false,localization/vi.csv,,,,,vi,,,,http://www.supr.cl/bsc,https://www.bsesports.cn/bscrule.html,http://supercell.com/en/terms-of-service/,https://youtube.com/channel/UCvWgDPOQuSgGiuBXu3VA9zg,http://www.supercell.com/en/privacy-policy/,https://inbox.brawlstars.com/,,https://staging.inbox.brawlstars.com/vi/,,https://inbox.brawlstars.com/vi/community/,,https://staging.inbox.brawlstars.com/vi/community/,,vi,https://t.me/MultiBrawlZap,https://t.me/MultiBrawlZap,https://t.me/MultiBrawlZap,https://t.me/MultiBrawlZap,https://t.me/MultiBrawlZap,https://t.me/MultiBrawlZap,https://t.me/MultiBrawlZap,https://t.me/MultiBrawlZap,,,,,https://t.me/MultiBrawlZap,,,TRUE,,,,,,,,,,
TH,sc/ui.sc,flag_gb,ภาษาไทย,16,true,false,localization/th.csv,,HelveticaNeue-Bold,,,th,,,,http://www.supr.cl/bsc,https://www.bsesports.cn/bscrule.html,http://supercell.com/en/terms-of-service/,https://youtube.com/channel/UCvWgDPOQuSgGiuBXu3VA9zg,http://www.supercell.com/en/privacy-policy/,https://inbox.brawlstars.com/,,https://staging.inbox.brawlstars.com/th/,,https://inbox.brawlstars.com/th/community/,,https://staging.inbox.brawlstars.com/th/community/,,th,https://t.me/MultiBrawlZap,https://t.me/MultiBrawlZap,https://t.me/MultiBrawlZap,https://t.me/MultiBrawlZap,https://t.me/MultiBrawlZap,https://t.me/MultiBrawlZap,https://t.me/MultiBrawlZap,https://t.me/MultiBrawlZap,,,,,https://t.me/MultiBrawlZap,,,TRUE,,,,,,,,,,
FI,sc/ui.sc,flag_gb,Suomi,13,true,false,localization/fi.csv,,,,,fi,,,,http://www.supr.cl/bsc,https://www.bsesports.cn/bscrule.html,http://supercell.com/en/terms-of-service/fi/,https://youtube.com/channel/UCvWgDPOQuSgGiuBXu3VA9zg,http://supercell.com/en/privacy-policy/fi/,https://inbox.brawlstars.com/,,https://staging.inbox.brawlstars.com/fi/,,https://inbox.brawlstars.com/fi/community/,,https://staging.inbox.brawlstars.com/fi/community/,,fi,https://t.me/MultiBrawlZap,https://t.me/MultiBrawlZap,https://t.me/MultiBrawlZap,https://t.me/MultiBrawlZap,https://t.me/MultiBrawlZap,https://t.me/MultiBrawlZap,https://t.me/MultiBrawlZap,https://t.me/MultiBrawlZap,,,,TRUE,https://t.me/MultiBrawlZap,,,TRUE,,,,,,,,,,
TEXT_ASIA,sc/ui.sc,flag_gb,Longest text Asia,106,false,false,localization/texts.csv,TRUE,,,,en,,EN,TRUE,http://www.supr.cl/bsc,https://www.bsesports.cn/bscrule.html,http://supercell.com/en/terms-of-service/,https://youtube.com/channel/UCvWgDPOQuSgGiuBXu3VA9zg,http://www.supercell.com/en/privacy-policy/,https://inbox.brawlstars.com/,,https://staging.inbox.brawlstars.com/,,https://inbox.brawlstars.com/community/,,https://staging.inbox.brawlstars.com/community/,,,https://t.me/MultiBrawlZap,https://t.me/MultiBrawlZap,https://t.me/MultiBrawlZap,https://t.me/MultiBrawlZap,https://t.me/MultiBrawlZap,https://t.me/MultiBrawlZap,https://t.me/MultiBrawlZap,https://t.me/MultiBrawlZap,,,,,https://t.me/MultiBrawlZap,,,TRUE,,,,,,,,,,
,,,,,,,,,,,,,,ES,,,,,,,,,,,,,,,,,,,,,,,,,,,,,,,,,,,,,,,,,
,,,,,,,,,,,,,,AR,,,,,,,,,,,,,,,,,,,,,,,,,,,,,,,,,,,,,,,,,
,,,,,,,,,,,,,,TR,,,,,,,,,,,,,,,,,,,,,,,,,,,,,,,,,,,,,,,,,
,,,,,,,,,,,,,,ID,,,,,,,,,,,,,,,,,,,,,,,,,,,,,,,,,,,,,,,,,
,,,,,,,,,,,,,,MS,,,,,,,,,,,,,,,,,,,,,,,,,,,,,,,,,,,,,,,,,
,,,,,,,,,,,,,,VI,,,,,,,,,,,,,,,,,,,,,,,,,,,,,,,,,,,,,,,,,
,,,,,,,,,,,,,,NL,,,,,,,,,,,,,,,,,,,,,,,,,,,,,,,,,,,,,,,,,
,,,,,,,,,,,,,,FI,,,,,,,,,,,,,,,,,,,,,,,,,,,,,,,,,,,,,,,,,
,,,,,,,,,,,,,,RU,,,,,,,,,,,,,,,,,,,,,,,,,,,,,,,,,,,,,,,,,
,,,,,,,,,,,,,,PT,,,,,,,,,,,,,,,,,,,,,,,,,,,,,,,,,,,,,,,,,
,,,,,,,,,,,,,,TH,,,,,,,,,,,,,,,,,,,,,,,,,,,,,,,,,,,,,,,,,
WORD_ASIA,sc/ui.sc,flag_gb,Longest Word Asia,107,false,false,localization/texts.csv,TRUE,,,,en,,EN,TRUE,http://www.supr.cl/bsc,https://www.bsesports.cn/bscrule.html,http://supercell.com/en/terms-of-service/,https://youtube.com/channel/UCvWgDPOQuSgGiuBXu3VA9zg,http://www.supercell.com/en/privacy-policy/,https://inbox.brawlstars.com/,,https://staging.inbox.brawlstars.com/,,https://inbox.brawlstars.com/community/,,https://staging.inbox.brawlstars.com/community/,,,https://t.me/MultiBrawlZap,https://t.me/MultiBrawlZap,https://t.me/MultiBrawlZap,https://t.me/MultiBrawlZap,https://t.me/MultiBrawlZap,https://t.me/MultiBrawlZap,https://t.me/MultiBrawlZap,https://t.me/MultiBrawlZap,,,,,https://t.me/MultiBrawlZap,,,TRUE,,,,,,,,,,
,,,,,,,,,,,,,,DE,,,,,,,,,,,,,,,,,,,,,,,,,,,,,,,,,,,,,,,,,
,,,,,,,,,,,,,,FR,,,,,,,,,,,,,,,,,,,,,,,,,,,,,,,,,,,,,,,,,
,,,,,,,,,,,,,,IT,,,,,,,,,,,,,,,,,,,,,,,,,,,,,,,,,,,,,,,,,
,,,,,,,,,,,,,,ES,,,,,,,,,,,,,,,,,,,,,,,,,,,,,,,,,,,,,,,,,
,,,,,,,,,,,,,,AR,,,,,,,,,,,,,,,,,,,,,,,,,,,,,,,,,,,,,,,,,
,,,,,,,,,,,,,,TR,,,,,,,,,,,,,,,,,,,,,,,,,,,,,,,,,,,,,,,,,
,,,,,,,,,,,,,,ID,,,,,,,,,,,,,,,,,,,,,,,,,,,,,,,,,,,,,,,,,
,,,,,,,,,,,,,,MS,,,,,,,,,,,,,,,,,,,,,,,,,,,,,,,,,,,,,,,,,
,,,,,,,,,,,,,,VI,,,,,,,,,,,,,,,,,,,,,,,,,,,,,,,,,,,,,,,,,
,,,,,,,,,,,,,,NL,,,,,,,,,,,,,,,,,,,,,,,,,,,,,,,,,,,,,,,,,
,,,,,,,,,,,,,,FI,,,,,,,,,,,,,,,,,,,,,,,,,,,,,,,,,,,,,,,,,
,,,,,,,,,,,,,,RU,,,,,,,,,,,,,,,,,,,,,,,,,,,,,,,,,,,,,,,,,
,,,,,,,,,,,,,,PT,,,,,,,,,,,,,,,,,,,,,,,,,,,,,,,,,,,,,,,,,
,,,,,,,,,,,,,,TH,,,,,,,,,,,,,,,,,,,,,,,,,,,,,,,,,,,,,,,,,
PL,sc/ui.sc,flag_gb,Polski,19,true,false,localization/pl.csv,,,,,pl,,,,http://www.supr.cl/bsc,https://www.bsesports.cn/bscrule.html,http://supercell.com/en/terms-of-service/,https://youtube.com/channel/UCvWgDPOQuSgGiuBXu3VA9zg,http://www.supercell.com/en/privacy-policy/,https://inbox.brawlstars.com/pl/,,https://staging.inbox.brawlstars.com/pl/,,https://inbox.brawlstars.com/pl/community/,,https://staging.inbox.brawlstars.com/pl/community/,,pl,https://t.me/MultiBrawlZap,https://t.me/MultiBrawlZap,https://t.me/MultiBrawlZap,https://t.me/MultiBrawlZap,https://t.me/MultiBrawlZap,https://t.me/MultiBrawlZap,https://t.me/MultiBrawlZap,https://t.me/MultiBrawlZap,,,,,https://t.me/MultiBrawlZap,,,TRUE,,,,,,,,,,
HE,sc/ui.sc,flag_gb,עברית,20,true,false,localization/he.csv,,,,,iw,,,,http://www.supr.cl/bsc,https://www.bsesports.cn/bscrule.html,http://supercell.com/en/terms-of-service/,https://youtube.com/channel/UCvWgDPOQuSgGiuBXu3VA9zg,http://www.supercell.com/en/privacy-policy/,https://inbox.brawlstars.com/,,https://staging.inbox.brawlstars.com/,,https://inbox.brawlstars.com/community/,,https://staging.inbox.brawlstars.com/community/,,he,https://t.me/MultiBrawlZap,https://t.me/MultiBrawlZap,https://t.me/MultiBrawlZap,https://t.me/MultiBrawlZap,https://t.me/MultiBrawlZap,https://t.me/MultiBrawlZap,https://t.me/MultiBrawlZap,https://t.me/MultiBrawlZap,,TRUE,,,https://t.me/MultiBrawlZap,,,TRUE,,,,,,,,,,
BAD,sc/ui.sc,flag_gb,Bad Language,22,true,true,localization/bad.csv,,,,,ar,,,,https://youtube.com/channel/UCjsUThQTBQqM_tfp9BfIqUA,https://youtube.com/channel/UCjsUThQTBQqM_tfp9BfIqUA,http://supercell.com/en/terms-of-service/,https://youtube.com/channel/UCvWgDPOQuSgGiuBXu3VA9zg,https://youtube.com/channel/UCjsUThQTBQqM_tfp9BfIqUA,https://youtube.com/channel/UCjsUThQTBQqM_tfp9BfIqUA,https://youtube.com/channel/UCjsUThQTBQqM_tfp9BfIqUA,https://youtube.com/channel/UCjsUThQTBQqM_tfp9BfIqUA,https://youtube.com/channel/UCjsUThQTBQqM_tfp9BfIqUA,https://youtube.com/channel/UCjsUThQTBQqM_tfp9BfIqUA,https://youtube.com/channel/UCjsUThQTBQqM_tfp9BfIqUA,https://youtube.com/channel/UCjsUThQTBQqM_tfp9BfIqUA,,ar,https://t.me/MultiBrawlZap,https://t.me/MultiBrawlZap,https://t.me/MultiBrawlZap,https://t.me/MultiBrawlZap,https://t.me/MultiBrawlZap,https://t.me/MultiBrawlZap,https://t.me/MultiBrawlZap,https://t.me/MultiBrawlZap,,,,TRUE,https://t.me/MultiBrawlZap,https://t.me/MultiBrawlZap,,TRUE,http://supercell.com/en/terms-of-service/,https://youtube.com/channel/UCvWgDPOQuSgGiuBXu3VA9zg,https://youtube.com/channel/UCjsUThQTBQqM_tfp9BfIqUA,http://supercell.com/en/terms-of-service/,https://youtube.com/channel/UCvWgDPOQuSgGiuBXu3VA9zg,https://youtube.com/channel/UCjsUThQTBQqM_tfp9BfIqUA,http://supercell.com/en/terms-of-service/,,,
