Name,Conf,Campaign,ObtainType,ObtainTypeCN,PetSkin,PetSkin2,CostLegendaryTrophies,CostGems,CostCoins,TID,ShopTID,Features,CommunityCredit,MaterialsFile,BlueTexture,RedTexture,BlueSpecular,RedSpecular,OutlineShader
string,string,int,int,int,string,string,int,int,int,string,string,string,string,string,string,string,string,string,string
BanditGirlDefault,BanditGirlDefault,,,,,,,,,,,,,,shelly_v2_01.png,shelly_v2_01.png,shelly_v2_01.png,shelly_v2_01.png,
BanditGirlBandita,BanditGirlBandita,,,,,,,30,,TID_SHOTGUN_BANDITA_SKIN,TID_SHOTGUN_BANDITA_SKIN_SHOP,MODEL,,,shelly_bandita_tex.png,shelly_bandita_tex.png,shelly_bandita_tex.png,shelly_bandita_tex.png,
BanditGirlPrereg,BanditGirlPrereg,,1,3,,,,,,TID_SHOTGUN_STAR_SKIN,TID_SHOTGUN_STAR_SKIN_SHOP,"MODEL,VFX",,,shelly_prereg_01.png,shelly_prereg_01.png,shelly_prereg_01.png,shelly_prereg_01.png,
ShotgunGirlWitch,ShotgunGirlWitch,3,,,,,,150,,TID_SHELLY_WITCH_SKIN,TID_SHELLY_WITCH_SKIN_SHOP,"MODEL,VFX,ANIM,SFX",SUPERCELL,,shelly_witch_tex.png,shelly_witch_tex.png,shelly_witch_tex.png,shelly_witch_tex.png,
ShotgunGirlFootball,ShotgunGirlFootball,6,,,,,,80,,TID_PSG_SHELLY_SKIN,TID_PSG_SHELLY_SKIN_SHOP,"MODEL,TEXTURE",,,shelly_fb_tex.png,shelly_fb_tex.png,shelly_fb_tex.png,shelly_fb_tex.png,
ShotgunGirlSilver,ShotgunGirlSilver,13,,,,,,,10000,TID_TRUE_SILVER_SHELLY_SKIN,TID_TRUE_SILVER_SHELLY_SKIN_SHOP,"MODEL,TEXTURE",,silver_materials.scw,shelly_silver_tex.png,shelly_silver_tex.png,shelly_silver_tex.png,shelly_silver_tex.png,
ShotgunGirlGold,ShotgunGirlGold,14,,,,,,,25000,TID_TRUE_GOLD_SHELLY_SKIN,TID_TRUE_GOLD_SHELLY_SKIN_SHOP,"MODEL,TEXTURE",,gold_materials.scw,shelly_gold_tex.png,shelly_gold_tex.png,shelly_gold_tex.png,shelly_gold_tex.png,
GunSlingerDefault,GunSlingerDefault,,,,,,,,,,,,,,colt_tex.png,colt_tex.png,colt_tex.png,colt_tex.png,
GunSlingerRockstar,GunSlingerRockstar,,,,,,,30,,TID_GUNSLINGER_ROCKSTAR_SKIN,TID_GUNSLINGER_ROCKSTAR_SKIN_SHOP,MODEL,,,colt_rockstar_tex.png,colt_rockstar_tex.png,colt_rockstar_tex.png,colt_rockstar_tex.png,
GunslingerOutlaw,GunSlingerRockstar,,,,,,500,,,TID_COLT_OUTLAW_SKIN,TID_COLT_OUTLAW_SKIN_SHOP,MODEL,,,colt_outlaw_tex.png,colt_outlaw_tex.png,colt_outlaw_tex.png,colt_outlaw_tex.png,
GunSlingerHanbok,GunSlingerHanbok,2,,,,,,150,,TID_SKIN_LUNAR_COLT,TID_SKIN_LUNAR_COLT_SHOP,"MODEL,VFX",SUPERCELL,,colt_hanbok_tex.png,colt_hanbok_tex.png,colt_hanbok_tex.png,colt_hanbok_tex.png,
GunslingerPirate,GunslingerPirate,1,,,,,,150,,TID_COLT_CORSAIR_SKIN,TID_COLT_CORSAIR_SKIN_SHOP,"MODEL,VFX,ANIM",SUPERCELL,,colt_pirate_tex.png,colt_pirate_tex.png,colt_pirate_tex.png,colt_pirate_tex.png,
GunSlingerPlayer,GunSlingerPlayer,,5,,,,,,,TID_CHALLENGER_COLT,CHALLENGER COLT,,,,colt_player_tex.png,colt_player_tex.png,colt_player_tex.png,colt_player_tex.png,
GunSlingerBadass,GunSlingerBadass,11,5,,,,,,,TID_GUNSLINGER_COLT,GUNSLINGER COLT,,SUPERCELL,,colt_badass_tex.png,colt_badass_tex.png,colt_badass_tex.png,colt_badass_tex.png,
BullGuyDefault,BullGuyDefault,,,,,,,,,,,,,,bull_tex_01.png,bull_tex_01.png,bull_tex_01.png,bull_tex_01.png,
BullGuyHair,BullGuyHair,,,,,,,80,,TID_BULL_HAIR_SKIN,TID_BULL_HAIR_SKIN_SHOP,MODEL,,,bull_viking_tex.png,bull_viking_tex.png,bull_viking_tex.png,bull_viking_tex.png,
BullGuyFootbull,BullGuyFootbull,9,,,,,,80,,TID_SKIN_FOOTBULL,TID_SKIN_FOOTBULL_SHOP,MODEL,,,bull_footbull_tex.png,bull_footbull_tex.png,bull_footbull_tex.png,bull_footbull_tex.png,
BullDudeFootbullBlue,BullGuyFootbull,,,,,,2500,,,TID_BULL_LINEBACKER_SKIN,TID_BULL_LINEBACKER_SKIN_SHOP,MODEL,,,"bull_footbull_tex.png+hue(masks/bull/bull_footbull_colour01_msk.png,217.673996)+value(masks/bull/bull_footbull_colour01_msk.png,1.744000)+saturation(masks/bull/bull_footbull_colour01_msk.png,2.558000)+value(masks/bull/bull_footbull_helmet_msk.png,0.465000)+value(masks/bull/bull_footbull_metal_msk.png,0.233000)","bull_footbull_tex.png+hue(masks/bull/bull_footbull_colour01_msk.png,217.673996)+value(masks/bull/bull_footbull_colour01_msk.png,1.744000)+saturation(masks/bull/bull_footbull_colour01_msk.png,2.558000)+value(masks/bull/bull_footbull_helmet_msk.png,0.465000)+value(masks/bull/bull_footbull_metal_msk.png,0.233000)","bull_footbull_tex.png+hue(masks/bull/bull_footbull_colour01_msk.png,217.673996)","bull_footbull_tex.png+hue(masks/bull/bull_footbull_colour01_msk.png,217.673996)",
BullDudeBarbking,BullDudeBarbking,10,,,,,,,,TID_BARBARIAN_KING_BULL_SKIN,TID_BARBARIAN_KING_BULL_SKIN_SHOP,"MODEL,TEXTURE,ANIM,VFX",,,bull_barbking_tex.png,bull_barbking_tex.png,bull_barbking_tex.png,bull_barbking_tex.png,
BullGuyOx,BullGuyOx,,5,,,,,150,,TID_OXGUY_BULL,SPACE OX BULL,,Ported By Zap,,bull_ox_tex.png,bull_ox_tex.png,bull_ox_tex.png,bull_ox_tex.png,
RocketGirlDefault,RocketGirlDefault,,,,,,,,,,,,,,brock_tex.png,brock_tex.png,brock_tex.png,brock_tex.png,
RocketGirlBeach,RocketGirlBeach,,,,,,,80,,TID_ROCKET_BEACH_SKIN,TID_ROCKET_BEACH_SKIN_SHOP,"MODEL,VFX,SFX",,,brock_beach_tex.png,brock_beach_tex.png,brock_beach_tex.png,brock_beach_tex.png,
RocketGirlBoombox,RocketGirlBoombox,9,,,,,,80,,TID_BROCK_BOOMBOX_SKIN,TID_BROCK_BOOMBOX_SKIN_SHOP,MODEL,,,brock_boombox_tex.png,brock_boombox_tex.png,brock_boombox_tex.png,brock_boombox_tex.png,
RocketGirlCny,RocketGirlCny,2,,,,,,150,,TID_SKIN_LUNAR_BROCK,TID_SKIN_LUNAR_BROCK_SHOP,"MODEL,VFX",SUPERCELL,,brock_cny_tex.png,brock_cny_tex.png,brock_cny_tex.png,brock_cny_tex.png,
RocketGirlHotrod,RocketGirlHotrod,,,,,,,150,,TID_BROCK_HOTROD_SKIN,TID_BROCK_HOTROD_SKIN_SHOP,"MODEL,VFX",,,brock_hotrod_tex.png,brock_hotrod_tex.png,brock_hotrod_tex.png,brock_hotrod_tex.png,
RocketGirlRanger,RocketGirlRanger,11,,,,,,80,,TID_SUPER_RANGER_BROCK_SKIN,TID_SUPER_RANGER_BROCK_SKIN_SHOP,"MODEL,TEXTURE",SUPERCELL,,brock_ranger_tex.png,brock_ranger_tex.png,brock_ranger_tex.png,brock_ranger_tex.png,
RocketGirlRedux,RocketGirlRedux,,5,,,,,,,TID_OLDS_BROCK,OLD SCHOOL BROCK,,,,brock_redux_tex.png,brock_redux_tex.png,brock_redux_tex.png,brock_redux_tex.png,
TntGuyDefault,TntGuyDefault,,,,,,,,,,,,,,"dynamike_tex.png+hue(masks/dynamike/dynamike_red_blue_msk.png,221.860001)",dynamike_tex.png,"dynamike_tex.png+hue(masks/dynamike/dynamike_red_blue_msk.png,213.488007)",dynamike_tex.png,
TntGuySanta,TntGuySanta,1,,,,,,80,,TID_DYNAMIKE_SANTA_SKIN,TID_DYNAMIKE_SANTA_SKIN_SHOP,"MODEL,VFX",SUPERCELL,,dynamike_santa_tex.png,dynamike_santa_tex.png,dynamike_santa_tex.png,dynamike_santa_tex.png,
TntDudeSantaRope,TntDudeSantaRope,,,,,,,,,,,,,,dynamike_santa_tex.png,dynamike_santa_tex.png,dynamike_santa_tex.png,dynamike_santa_tex.png,
TntGuyChef,TntGuyChef,9,,,,,,150,,TID_DYNAMIKE_CHEF_SKIN,TID_DYNAMIKE_CHEF_SKIN_SHOP,"MODEL,VFX",,,dynamike_chef_tex.png,dynamike_chef_tex.png,dynamike_chef_tex.png,dynamike_chef_tex.png,
TntDudeMecha,TntDudeMecha,,,,,,,300,,TID_MIKE_ROBO_SKIN,TID_MIKE_ROBO_SKIN_SHOP,"MODEL,VFX,ANIM,SFX,VOICE",,,"dynamike_mecha_tex.png+hue(masks/dynamike/dynamike_mecha_ammo_msk.png,198.000000)+value(masks/dynamike/dynamike_mecha_ammo_msk.png,1.279000)",dynamike_mecha_tex.png,"dynamike_mecha_tex.png+hue(masks/dynamike/dynamike_mecha_ammo_msk.png,198.000000)",dynamike_mecha_tex.png,
TntDudeFootball,TntDudeFootball,,,,,,,150,,TID_COACH_MIKE_SKIN,TID_COACH_MIKE_SKIN_SHOP,"MODEL,TEXTURE,ANIM,VFX",,,dynamike_coach_tex.png,dynamike_coach_tex.png,dynamike_coach_tex.png,dynamike_coach_tex.png,
TntGuyBellhop,TntGuyBellhop,11,5,,,,,,,TID_SERV_MIKE,BELLHOP MIKE,,SUPERCELL,,dynamike_groom_tex.png,dynamike_groom_tex.png,dynamike_groom_tex.png,dynamike_groom_tex.png,
TntPetDefault,TntPetDefault,,,,,,,,,,,,,,dynamike_bird_tex.png,dynamike_bird_tex.png,dynamike_bird_tex.png,dynamike_bird_tex.png,
LuchadorDefault,LuchadorDefault,,,,,,,,,,,,,,primo_tex.png,primo_tex.png,primo_tex.png,primo_tex.png,
LuchadorRudo,LuchadorRudo,,,,,,,80,,TID_LUCHADOR_RUDO_SKIN,TID_LUCHADOR_RUDO_SKIN_SHOP,"MODEL,ANIM",,,primo_elrudo_tex.png,primo_elrudo_tex.png,primo_elrudo_tex.png,primo_elrudo_tex.png,
LuchadorRey,LuchadorRey,,,,,,,150,,TID_LUCHADOR_KING_SKIN,TID_LUCHADOR_KING_SKIN_SHOP,"MODEL,VFX,ANIM",,,primo_elrey_tex.png,primo_elrey_tex.png,primo_elrey_tex.png,primo_elrey_tex.png,
LuchadorBrown,LuchadorBrown,4,,,,,,150,,TID_EL_PRIMO_BROWN_SKIN,TID_EL_PRIMO_BROWN_SKIN_SHOP,"MODEL,VFX,ANIM",,,primo_brown_tex.png,primo_brown_tex.png,primo_brown_tex.png,primo_brown_tex.png,
LuchadorAtomic,LuchadorAtomic,,,,,,10000,,,TID_EL_ATOMICO_SKIN,TID_EL_ATOMICO_SKIN_SHOP,"MODEL,TEXTURE",,,primo_atomico_tex.png,primo_atomico_tex.png,primo_atomico_tex.png,"primo_atomico_tex.png+hue(masks/primo/primo_atomico_msk.png,339.070007)",
LuchadorSilver,LuchadorSilver,13,,,,,,,10000,TID_TRUE_SILVER_EL_PRIMO_SKIN,TID_TRUE_SILVER_EL_PRIMO_SKIN_SHOP,"MODEL,TEXTURE",,silver_materials.scw,primo_silver_tex.png,primo_silver_tex.png,primo_silver_tex.png,primo_silver_tex.png,
LuchadorGold,LuchadorGold,14,,,,,,,25000,TID_TRUE_GOLD_EL_PRIMO_SKIN,TID_TRUE_GOLD_EL_PRIMO_SKIN_SHOP,"MODEL,TEXTURE",,gold_materials.scw,primo_gold_tex.png,primo_gold_tex.png,primo_gold_tex.png,primo_gold_tex.png,
TrickshotDefault,TrickshotDefault,,,,,,,,,,,,,,rico_tex.png,rico_tex.png,rico_tex.png,rico_tex.png,
TrickshotGold,TrickshotGold,,,,,,,150,,TID_TRICKSHOT_GOLD_SKIN,TID_TRICKSHOT_GOLD_SKIN_SHOP,"MODEL,VFX",,,rico_gold_tex.png,rico_gold_tex.png,rico_gold_tex.png,rico_gold_tex.png,
TrickshotPopcorn,TrickshotPopcorn,,,,,,,150,,TID_SKIN_POPCORN_RICO,TID_SKIN_POPCORN_RICO_SHOP,"MODEL,VFX",,,rico_popcorn_tex.png,rico_popcorn_tex.png,rico_popcorn_tex.png,rico_popcorn_tex.png,
TrickshotDudeTotal,TrickshotDudeTotal,,,,,,,,,TID_RICO_BETA_SKIN,TID_RICO_BETA_SKIN_SHOP,MODEL,,,rico_og_tex.png,rico_og_tex.png,rico_og_tex.png,rico_og_tex.png,
TrickshotDudeBazaar,TrickshotDudeBazaar,,,,,,,150,,TID_GUARD_RICO_SKIN,TID_GUARD_RICO_SKIN_SHOP,"MODEL,TEXTURE,ANIM,VFX,VOICE",,,rico_dark_tex.png,rico_dark_tex.png,rico_dark_tex.png,rico_dark_tex.png,
CactusDefault,CactusDefault,,,,,,,,,,,,,,spike_tex.png,spike_tex.png,spike_tex.png,spike_tex.png,
CactusPink,CactusPink,,,,,,,80,,TID_CACTUS_PINK_SKIN,TID_CACTUS_PINK_SKIN_SHOP,"MODEL,VFX",,,spike_blossom_tex.png,spike_blossom_tex.png,spike_blossom_tex.png,spike_blossom_tex.png,
Cactusmecha,Cactusmecha,,,,,,,150,,TID_SPIKE_ROBO_SKIN,TID_SPIKE_ROBO_SKIN_SHOP,"MODEL,VFX,ANIM,SFX",,,spike_mecha_tex.png,spike_mecha_tex.png,spike_mecha_tex.png,spike_mecha_tex.png,
CactusMask,CactusMask,,,,,,,30,,TID_MASK_SPIKE_SKIN,TID_MASK_SPIKE_SKIN_SHOP,"MODEL,TEXTURE",,,,,,,
CactusLord,CactusLord,,5,,,,,,,TID_LORD_SPIKE,DARK LORD SPIKE,,,,spike_lord_tex.png,spike_lord_tex.png,spike_lord_tex.png,spike_lord_tex.png,
BarkeepDefault,BarkeepDefault,,,,,,,,,,,,,,barley_tex.png,barley_tex.png,barley_tex.png,barley_tex.png,
BarkeepGold,BarkeepGold,,,,,,,30,,TID_BARKEEP_GOLD_SKIN,TID_BARKEEP_GOLD_SKIN_SHOP,"MODEL,VFX",,,barley_banker_tex.png,barley_banker_tex.png,barley_banker_tex.png,barley_banker_tex.png,
BarkeepWizard,BarkeepWizard,,,,,,,,,TID_BARLEY_WIZARD_SKIN,TID_BARLEY_WIZARD_SKIN_SHOP,"MODEL,VFX,ANIM,SFX",,,barley_wizard_tex.png,barley_wizard_tex.png,barley_wizard_tex.png,barley_wizard_tex.png,
BarkeepWizardRed,BarkeepWizardRed,,,,,,2500,,,TID_BARLEY_RED_WIZARD_SKIN,TID_BARLEY_RED_WIZARD_SKIN_SHOP,MODEL,,,"barley_wizard_tex.png+hue(masks/barley/coat_msk.png,133.953003)+value(masks/barley/coat_msk.png,0.698000)","barley_wizard_tex.png+hue(masks/barley/coat_msk.png,133.953003)+value(masks/barley/coat_msk.png,0.698000)","barley_wizard_tex.png+hue(masks/barley/coat_msk.png,133.953003)+value(masks/barley/coat_msk.png,0.698000)","barley_wizard_tex.png+hue(masks/barley/coat_msk.png,133.953003)+value(masks/barley/coat_msk.png,0.698000)",
BarkeepMs,BarkeepMs,,,,,,,150,,TID_BARLEY_MS_SKIN,TID_BARLEY_MS_SKIN_SHOP,"MODEL,VFX,ANIM",,,barley_ms_tex.png,barley_ms_tex.png,barley_ms_tex.png,barley_ms_tex.png,
BarkeepMaple,BarkeepLumberjack,,,,,,,80,,TID_BARLEY_MAPLE_SKIN,TID_BARLEY_MAPLE_SKIN_SHOP,"MODEL,VFX",,,barley_lumberjack_tex.png,barley_lumberjack_tex.png,barley_lumberjack_tex.png,barley_lumberjack_tex.png,
MechanicDefault,MechanicDefault,,,,TurretDefault,,,,,,,,,,jessie_tex.png,jessie_tex.png,jessie_tex.png,jessie_tex.png,
MechanicKnight,MechanicKnight,,,,TurretDragon,,,150,,TID_MECHANIC_KNIGHT_SKIN,TID_MECHANIC_KNIGHT_SKIN_SHOP,"MODEL,TURRET,VFX,ANIM",,,jessie_knight_tex.png,jessie_knight_tex.png,jessie_knight_tex.png,jessie_knight_tex.png,
MechanicKnightDark,MechanicKnightDark,,,,TurretDragonDark,,10000,,,TID_JESSIE_DARK_KNIGHT_SKIN,TID_JESSIE_DARK_KNIGHT_SKIN_SHOP,"MODEL,TURRET,VFX,ANIM",,,"jessie_knight_tex.png+hue(masks/jessie/jessie_knight_plume_msk.png,117.209000)+value(masks/jessie/jessie_knight_plume_msk.png,0.600000)+saturation(masks/jessie/jessie_knight_gold_msk.png,0.200000)+value(masks/jessie/jessie_knight_gold_msk.png,0.581000)+value(masks/jessie/jessie_knight_metal_msk.png,0.000000)+hue(masks/jessie/jessie_knight_fabric_msk.png,125.581001)+value(masks/jessie/jessie_knight_fabric_msk.png,0.600000)","jessie_knight_tex.png+hue(masks/jessie/jessie_knight_plume_msk.png,117.209000)+value(masks/jessie/jessie_knight_plume_msk.png,0.600000)+saturation(masks/jessie/jessie_knight_gold_msk.png,0.200000)+value(masks/jessie/jessie_knight_gold_msk.png,0.581000)+value(masks/jessie/jessie_knight_metal_msk.png,0.000000)+hue(masks/jessie/jessie_knight_fabric_msk.png,125.581001)+value(masks/jessie/jessie_knight_fabric_msk.png,0.600000)","jessie_knight_tex.png+hue(masks/jessie/jessie_knight_plume_msk.png,140.000000)+hue(masks/jessie/jessie_knight_plume_msk.png,0.400000)+saturation(masks/jessie/jessie_knight_gold_msk.png,0.200000)+value(masks/jessie/jessie_knight_gold_msk.png,0.200000)+value(masks/jessie/jessie_knight_metal_msk.png,0.698000)+value(masks/jessie/jessie_knight_fabric_msk.png,0.930000)+hue(masks/jessie/jessie_knight_fabric_msk.png,117.209000)","jessie_knight_tex.png+hue(masks/jessie/jessie_knight_plume_msk.png,140.000000)+hue(masks/jessie/jessie_knight_plume_msk.png,0.400000)+saturation(masks/jessie/jessie_knight_gold_msk.png,0.200000)+value(masks/jessie/jessie_knight_gold_msk.png,0.200000)+value(masks/jessie/jessie_knight_metal_msk.png,0.698000)+value(masks/jessie/jessie_knight_fabric_msk.png,0.930000)+hue(masks/jessie/jessie_knight_fabric_msk.png,117.209000)",
MechanicSummer,MechanicSummer,,,,TurretSummertime,,,80,,TID_MECHANIC_SUMMER_SKIN,TID_MECHANIC_SUMMER_SKIN_SHOP,"MODEL,TURRET,VFX",,,jessie_summertime_tex.png,jessie_summertime_tex.png,jessie_summertime_tex.png,jessie_summertime_tex.png,
MechanicTanuki,MechanicTanuki,,,,MechanicTurretTanuki,,,150,,TID_TANUKI_JESSIE_SKIN,TID_TANUKI_JESSIE_SKIN_SHOP,"MODEL,TEXTURE,ANIM,VFX",,,jessie_tanuki_tex.png,jessie_tanuki_tex.png,jessie_tanuki_tex.png,jessie_tanuki_tex.png,
MechanicRedDragon,MechanicRedDragon,12,,,TurretRedDragon,,,,,TID_RED_DRAGON_JESSIE_SKIN,TID_RED_DRAGON_JESSIE_SKIN_SHOP,"MODEL,TEXTURE,PET",,,jessie_china_tex.png,jessie_china_tex.png,jessie_china_tex.png,jessie_china_tex.png,
TurretDefault,TurretDefault,,,,,,,,,,,,,,jessie_turret_tex.png,jessie_turret_tex.png,jessie_turret_tex.png,jessie_turret_tex.png,
TurretDragon,TurretDragon,,,,,,,,,,,,,,jessie_turret_dragon_tex.png,jessie_turret_dragon_tex.png,jessie_turret_dragon_tex.png,jessie_turret_dragon_tex.png,
TurretDragonDark,TurretDragonDark,,,,,,,,,,,,,,"jessie_turret_dragon_tex.png+hue(masks/jessie/jessie_turrret_dragon_main_msk.png,322.325989)+saturation(masks/jessie/jessie_turrret_dragon_main_msk.png,0.349000)+value(masks/jessie/jessie_turrret_dragon_main_msk.png,0.200000)+hue(masks/jessie/jessie_turrret_dragon_belly_msk.png,330.697998)+saturation(masks/jessie/jessie_turrret_dragon_belly_msk.png,1.395000)+value(masks/jessie/jessie_turrret_dragon_belly_msk.png,0.930000)","jessie_turret_dragon_tex.png+hue(masks/jessie/jessie_turrret_dragon_main_msk.png,322.325989)+saturation(masks/jessie/jessie_turrret_dragon_main_msk.png,0.349000)+value(masks/jessie/jessie_turrret_dragon_main_msk.png,0.200000)+hue(masks/jessie/jessie_turrret_dragon_belly_msk.png,330.697998)+saturation(masks/jessie/jessie_turrret_dragon_belly_msk.png,1.395000)+value(masks/jessie/jessie_turrret_dragon_belly_msk.png,0.930000)","jessie_turret_dragon_tex.png+hue(masks/jessie/jessie_turrret_dragon_main_msk.png,351.627991)+saturation(masks/jessie/jessie_turrret_dragon_main_msk.png,1.047000)+value(masks/jessie/jessie_turrret_dragon_main_msk.png,0.814000)","jessie_turret_dragon_tex.png+hue(masks/jessie/jessie_turrret_dragon_main_msk.png,351.627991)+saturation(masks/jessie/jessie_turrret_dragon_main_msk.png,1.047000)+value(masks/jessie/jessie_turrret_dragon_main_msk.png,0.814000)",
TurretSummertime,TurretSummertime,,,,,,,,,,,,,,jessie_turret_summertime_tex.png,jessie_turret_summertime_tex.png,jessie_turret_summertime_tex.png,jessie_turret_summertime_tex.png,
MechanicTurretTanuki,MechanicTurretTanuki,,,,,,,,,,,,,,jessie_turret_tanuki_tex.png,jessie_turret_tanuki_tex.png,jessie_turret_tanuki_tex.png,jessie_turret_tanuki_tex.png,
TurretRedDragon,TurretRedDragon,,,,,,,,,,,,,,jessie_turret_china_tex.png,jessie_turret_china_tex.png,jessie_turret_china_tex.png,jessie_turret_china_tex.png,
ShamanDefault,ShamanDefault,,,,ShamanBearDefault,,,,,,,,,,nita_tex.png,nita_tex.png,nita_tex.png,nita_tex.png,
ShamanPanda,ShamanPanda,,,,ShamanBearPanda,,,30,,TID_SHAMAN_PANDA_SKIN,TID_SHAMAN_PANDA_SKIN_SHOP,"MODEL,PET",,,nita_panda_tex.png,nita_panda_tex.png,nita_panda_tex.png,nita_panda_tex.png,
ShamanReindeer,ShamanReindeer,1,,,ShamanBearReindeer,,,150,,TID_NITA_REINDEER_SKIN,TID_NITA_REINDEER_SKIN_SHOP,"MODEL,PET",SUPERCELL,,nita_reindeer_tex.png,nita_reindeer_tex.png,nita_reindeer_tex.png,nita_reindeer_tex.png,
ShamanShiba,ShamanShiba,,,,ShamanBearShiba,,,150,,TID_SHAMAN_SHIBA_SKIN,TID_SHAMAN_SHIBA_SKIN_SHOP,"MODEL,PET,VFX,ANIM,SFX",,,nita_shiba_tex.png,nita_shiba_tex.png,nita_shiba_tex.png,nita_shiba_tex.png,
ShamanKoala,ShamanKoala,,,,ShamanBearKoala,,,80,,TID_NITA_KOALA_SKIN,TID_NITA_KOALA_SKIN_SHOP,MODEL,,,nita_koala_tex.png,nita_koala_tex.png,nita_koala_tex.png,nita_koala_tex.png,
ShamanBearDefault,ShamanBearDefault,,,,,,,,,,,,,,nita_bear_tex.png,nita_bear_tex.png,nita_bear_tex.png,nita_bear_tex.png,
ShamanBearPanda,ShamanBearPanda,,,,,,,,,,,,,,nita_bear_panda_tex.png,nita_bear_panda_tex.png,nita_bear_panda_tex.png,nita_bear_panda_tex.png,
ShamanBearReindeer,ShamanBearReindeer,,,,,,,,,,,,,,nita_bear_reindeer_tex.png,nita_bear_reindeer_tex.png,nita_bear_reindeer_tex.png,nita_bear_reindeer_tex.png,
ShamanBearShiba,ShamanBearShiba,,,,,,,,,,,,,,nita_bear_shiba_tex.png,nita_bear_shiba_tex.png,nita_bear_shiba_tex.png,nita_bear_shiba_tex.png,
ShamanBearKoala,ShamanBearKoala,,,,,,,,,,,,,,nita_bear_koala_tex.png,nita_bear_koala_tex.png,nita_bear_koala_tex.png,nita_bear_koala_tex.png,
UndertakerDefault,UndertakerDefault,,,,,,,,,,,,,,mortis_v2_tex.png,mortis_v2_tex.png,mortis_v2_tex.png,mortis_v2_tex.png,
UndertakerHat,UndertakerHat,,,,,,,,,TID_UNDERTAKER_HAT_SKIN,TID_UNDERTAKER_HAT_SKIN_SHOP,MODEL,,,mortis_v2_tex.png,mortis_v2_tex.png,mortis_v2_tex.png,mortis_v2_tex.png,
UndertakerGreaser,UndertakerGreaser,9,,,,,,150,,TID_UNDERTAKER_GREASER_SKIN,TID_UNDERTAKER_GREASER_SKIN_SHOP,"MODEL,ANIM",,,mortis_greaser_tex_02.png,mortis_greaser_tex_02.png,mortis_greaser_tex_02.png,mortis_greaser_tex_02.png,
UndertakerNightwitch,UndertakerNightwitch,,,,,,,150,,TID_UNDERTAKER_NIGHTWITCH_SKIN,TID_UNDERTAKER_NIGHTWITCH_SKIN_SHOP,"MODEL,VFX",,,mortis_nightwitch_tex.png,mortis_nightwitch_tex.png,mortis_nightwitch_tex.png,mortis_nightwitch_tex.png,
UndertakerBazaar,UndertakerBazaar,,,,,,,150,,TID_ROGUE_MORTIS_SKIN,TID_ROGUE_MORTIS_SKIN_SHOP,"MODEL,TEXTURE,ANIM,VFX,VOICE",,,mortis_dark_tex.png,mortis_dark_tex.png,mortis_dark_tex.png,mortis_dark_tex.png,
CrowDefault,CrowDefault,,,,,,,,,,,,,,crow_tex.png,crow_tex.png,crow_tex.png,crow_tex.png,
CrowWhite,CrowWhite,,,,,,,80,,TID_CROW_WHITE_SKIN,TID_CROW_WHITE_SKIN_SHOP,"MODEL,TEXTURE",,,crow_white_tex.png,crow_white_tex.png,crow_white_tex.png,crow_white_tex.png,
CrowPheonix,CrowPheonix,,,,,,,300,,TID_CROW_PHEONIX_SKIN,TID_CROW_PHEONIX_SKIN_SHOP,"MODEL,VFX,ANIM",,,crow_pheonix_tex.png,crow_pheonix_tex.png,crow_pheonix_tex.png,crow_pheonix_tex.png,
CrowMecha,CrowMecha,,,,,,,300,,TID_CROW_MECHA_SKIN,TID_CROW_MECHA_SKIN_SHOP,"MODEL,VFX,ANIM,SFX,VOICE",,,crow_mecha_tex.png,crow_mecha_tex.png,crow_mecha_tex.png,crow_mecha_tex.png,
CrowMechaNight,CrowMecha,,,,,,10000,,,TID_CROW_MECHA_NIGHT_SKIN,TID_CROW_MECHA_NIGHT_SKIN_SHOP,"MODEL,VFX,ANIM,SFX,VOICE",,,"crow_mecha_tex.png+saturation(masks/crow/crow_mecha_colour01_msk.png,0.000000)+value(masks/crow/crow_mecha_colour01_msk.png,0.200000)+value(masks/crow/crow_mecha_colour02_msk.png,0.500000)+saturation(masks/crow/crow_mecha_colour02_msk.png,2.093000)+hue(masks/crow/crow_mecha_colour03_msk.png,209.302002)+value(masks/crow/crow_mecha_colour03_msk.png,1.400000)","crow_mecha_tex.png+saturation(masks/crow/crow_mecha_colour01_msk.png,0.000000)+value(masks/crow/crow_mecha_colour01_msk.png,0.200000)+value(masks/crow/crow_mecha_colour02_msk.png,0.500000)+saturation(masks/crow/crow_mecha_colour02_msk.png,2.093000)+hue(masks/crow/crow_mecha_colour03_msk.png,209.302002)+value(masks/crow/crow_mecha_colour03_msk.png,1.400000)","crow_mecha_tex.png+saturation(masks/crow/crow_mecha_colour01_msk.png,1.047000)+value(masks/crow/crow_mecha_colour01_msk.png,0.233000)+value(masks/crow/crow_mecha_colour02_msk.png,0.814000)+hue(masks/crow/crow_mecha_colour03_msk.png,209.302002)","crow_mecha_tex.png+saturation(masks/crow/crow_mecha_colour01_msk.png,1.047000)+value(masks/crow/crow_mecha_colour01_msk.png,0.233000)+value(masks/crow/crow_mecha_colour02_msk.png,0.814000)+hue(masks/crow/crow_mecha_colour03_msk.png,209.302002)",
CrowMechaGold,CrowMecha,,,,,,50000,,,TID_CROW_MECHA_GOLD_SKIN,TID_CROW_MECHA_GOLD_SKIN_SHOP,"MODEL,VFX,ANIM,SFX,VOICE",,,crow_mechagold_tex.png,crow_mechagold_tex.png,crow_mechagold_tex.png,crow_mechagold_tex.png,
DeadMariachiDefault,DeadMariachiDefault,,,,,,,,,,,,,,poco_tex.png,poco_tex.png,poco_tex.png,poco_tex.png,
PocoValentine,PocoValentine,,,,,,,150,,TID_SKIN_VALENTINE_POCO,TID_SKIN_VALENTINE_POCO_SHOP,"MODEL,VFX",,,poco_valentine_tex.png,poco_valentine_tex.png,poco_valentine_tex.png,poco_valentine_tex.png,
PocoPirate,PocoPirate,1,,,,,,80,,TID_POCO_PIRATE_SKIN,TID_POCO_PIRATE_SKIN_SHOP,"MODEL,VFX",SUPERCELL,,poco_pirate_tex.png,poco_pirate_tex.png,poco_pirate_tex.png,poco_pirate_tex.png,
PocoStarr,PocoStarr,11,,,,,,80,,TID_POCO_STARR_SKIN,TID_POCO_STARR_SKIN_SHOP,"MODEL,VFX",SUPERCELL,,poco_starr_tex.png,poco_starr_tex.png,poco_starr_tex.png,poco_starr_tex.png,
PocoPunk,PocoPunk,,,,,,,,,TID_PUNK_POCO,TRASH POCO,,,max_geo.scw,poco_punk_tex.png,poco_punk_tex.png,poco_punk_tex.png,poco_punk_tex.png,
BowDudeDefault,BowDudeDefault,,,,BowDudeTotemDefault,,,,,,,,,,bo_tex.png,bo_tex.png,bo_tex.png,bo_tex.png,
BoMecha,BoMecha,,,,,,,300,,TID_BO_MECHA_SKIN,TID_BO_MECHA_SKIN_SHOP,"MODEL,VFX,ANIM,SFX,VOICE",,,"bo_mecha_tex.png+hue(masks/bo/bo_mecha_ammo_msk.png,205.115997)",bo_mecha_tex.png,"bo_mecha_tex.png+hue(masks/bo/bo_mecha_ammo_msk.png,205.115997)",bo_mecha_tex.png,
BowDudeMechaWhite,BoMecha,,,,BowDudeTotemDefault,,10000,,,TID_BO_MECHA_LIGHT_SKIN,TID_BO_MECHA_LIGHT_SKIN_SHOP,"MODEL,VFX,ANIM,SFX,VOICE",,,"bo_mecha_tex.png+saturation(masks/bo/bo_mecha_colour02_msk.png,0.000000)+saturation(masks/bo/bo_mecha_colour01_msk.png,2.674000)+value(masks/bo/bo_mecha_colour01_msk.png,2.442000)+hue(masks/bo/bo_mecha_colour01_msk.png,12.558000)+saturation(masks/bo/bo_mecha_seams_msk.png,0.000000)+hue(masks/bo/bo_mecha_eyesvisor_msk.png,20.930000)+value(masks/bo/bo_mecha_colour02_msk.png,0.800000)+hue(masks/bo/bo_mecha_ammo_msk.png,205.115997)","bo_mecha_tex.png+saturation(masks/bo/bo_mecha_colour02_msk.png,0.000000)+saturation(masks/bo/bo_mecha_colour01_msk.png,2.674000)+value(masks/bo/bo_mecha_colour01_msk.png,2.442000)+hue(masks/bo/bo_mecha_colour01_msk.png,12.558000)+saturation(masks/bo/bo_mecha_seams_msk.png,0.000000)+hue(masks/bo/bo_mecha_eyesvisor_msk.png,20.930000)+value(masks/bo/bo_mecha_colour02_msk.png,0.800000)","bo_mecha_tex.png+saturation(masks/bo/bo_mecha_colour02_msk.png,0.000000)+saturation(masks/bo/bo_mecha_colour01_msk.png,5.349000)+hue(masks/bo/bo_mecha_eyesvisor_msk.png,20.930000)+hue(masks/bo/bo_mecha_ammo_msk.png,205.115997)","bo_mecha_tex.png+saturation(masks/bo/bo_mecha_colour02_msk.png,0.000000)+saturation(masks/bo/bo_mecha_colour01_msk.png,5.349000)+hue(masks/bo/bo_mecha_eyesvisor_msk.png,20.930000)+hue(masks/bo/bo_mecha_colour02_msk.png,0.000000)",
BowDudeMechaGold,BoMecha,,,,BowDudeTotemDefault,,50000,,,TID_BO_MECHA_GOLD_SKIN,TID_BO_MECHA_GOLD_SKIN_SHOP,"MODEL,VFX,ANIM,SFX,VOICE",,,"bo_mecha_tex.png+value(masks/bo/bo_mecha_colour01_msk.png,1.047000)+saturation(masks/bo/bo_mecha_colour01_msk.png,8.721000)+hue(masks/bo/bo_mecha_colour01_msk.png,12.558000)+hue(masks/bo/bo_mecha_colour02_msk.png,16.000000)+value(masks/bo/bo_mecha_colour02_msk.png,3.605000)+hue(masks/bo/bo_mecha_eyesvisor_msk.png,213.488007)+hue(masks/bo/bo_mecha_ammo_msk.png,205.115997)","bo_mecha_tex.png+value(masks/bo/bo_mecha_colour01_msk.png,1.047000)+saturation(masks/bo/bo_mecha_colour01_msk.png,8.721000)+hue(masks/bo/bo_mecha_colour01_msk.png,12.558000)+hue(masks/bo/bo_mecha_colour02_msk.png,16.000000)+value(masks/bo/bo_mecha_colour02_msk.png,3.605000)+hue(masks/bo/bo_mecha_eyesvisor_msk.png,213.488007)","bo_mecha_tex.png+hue(masks/bo/bo_mecha_colour01_msk.png,12.558000)+hue(masks/bo/bo_mecha_colour01_msk.png,1.047000)+hue(masks/bo/bo_mecha_eyesvisor_msk.png,221.860001)+hue(masks/bo/bo_mecha_colour02_msk.png,8.372000)+hue(masks/bo/bo_mecha_ammo_msk.png,205.115997)","bo_mecha_tex.png+hue(masks/bo/bo_mecha_colour01_msk.png,12.558000)+hue(masks/bo/bo_mecha_colour01_msk.png,1.047000)+hue(masks/bo/bo_mecha_eyesvisor_msk.png,221.860001)+hue(masks/bo/bo_mecha_colour02_msk.png,8.372000)",
BowDudeHorus,BowDudeHorus,7,,,BowDudeTotemDefault,,,150,,TID_HORUS_BO_SKIN,TID_HORUS_BO_SKIN_SHOP,"MODEL,TEXTURE,ANIM,VFX",gedi-kor,,bo_falcon_tex.png,bo_falcon_tex.png,bo_falcon_tex.png,bo_falcon_tex.png,
BowDudeDemon,BowDudeDemon,,5,,BowDudeTotemDefault,,,,,TID_UNDERWORLD_BO,UNDERWORLD BO,,,,bo_demonic_tex.png,bo_demonic_tex.png,bo_demonic_tex.png,bo_demonic_tex.png,
BowDudeWarrior,BowDudeWarrior,,5,,BowDudeTotemDefault,,,,,TID_WARRIOR_BO,WARRIOR BO,,,,bo_warrior_tex.png,bo_warrior_tex.png,bo_warrior_tex.png,bo_warrior_tex.png,
BowDudeTotemDefault,BowDudeTotemDefault,,,,,,,,,,,,,,bo_gadget_totem_tex.pvr,bo_gadget_totem_tex.pvr,bo_gadget_totem_tex.pvr,bo_gadget_totem_tex.pvr,
SniperDefault,SniperDefault,,,,,,,,,,,,,,piper_tex.png,piper_tex.png,piper_tex.png,piper_tex.png,
SniperPink,SniperPink,,,,,,500,,,TID_PIPER_PINK_SKIN,TID_PIPER_PINK_SKIN_SHOP,MODEL,,,piper_pink_tex.png,piper_pink_tex.png,piper_pink_tex.png,piper_pink_tex.png,
Sniperrose,Sniperrose,3,,,,,,80,,TID_PIPER_CALAVERA_SKIN,TID_PIPER_CALAVERA_SKIN_SHOP,MODEL,SUPERCELL,,piper_rose_tex.png,piper_rose_tex.png,piper_rose_tex.png,piper_rose_tex.png,
SniperValentines,SniperValentines,,,,,,,150,,TID_PIPER_CUPID_SKIN,TID_PIPER_CUPID_SKIN_SHOP,"MODEL,VFX",,,piper_valentines_tex.png,piper_valentines_tex.png,piper_valentines_tex.png,piper_valentines_tex.png,
SniperChoco,SniperChoco,4,5,,,,,,,TID_SWEET_PIPER,CHOCO PIPER,,,,piper_choco_tex.png,piper_choco_tex.png,piper_choco_tex.png,piper_choco_tex.png,
SniperSilver,SniperSilver,13,,,,,,,10000,TID_TRUE_SILVER_PIPER_SKIN,TID_TRUE_SILVER_PIPER_SKIN_SHOP,"MODEL,TEXTURE",,silver_materials.scw,piper_silver_tex.png,piper_silver_tex.png,piper_silver_tex.png,piper_silver_tex.png,
SniperGold,SniperGold,14,,,,,,,25000,TID_TRUE_GOLD_PIPER_SKIN,TID_TRUE_GOLD_PIPER_SKIN_SHOP,"MODEL,TEXTURE",,gold_materials.scw,piper_gold_tex.png,piper_gold_tex.png,piper_gold_tex.png,piper_gold_tex.png,
MinigunDudeDefault,MinigunDudeDefault,,,,HealstationDefault,,,,,,,,,,,,,,
MinigunDudeSummer,MinigunDudeSummer,,,,HealingStationSummer,,,80,,TID_HOLIDAY_PAM_SKIN,TID_HOLIDAY_PAM_SKIN_SHOP,"MODEL,TEXTURE,VFX,TURRET",,,,,,,
HealstationDefault,HealstationDefault,,,,,,,,,,,,,,pam_turret_blue_tex.pvr,pam_turret_red_tex.pvr,pam_turret_blue_tex.pvr,pam_turret_red_tex.pvr,
HealingStationSummer,HealingStationSummer,,,,,,,,,,,,,,"pam_summer_gun_tex.pvr+hue(masks/pam/pam_summer_gun_msk.png,238.604996)",pam_summer_gun_tex.pvr,"pam_summer_gun_tex.pvr+hue(masks/pam/pam_summer_gun_msk.png,238.604996)",pam_summer_gun_tex.pvr,
BlackholeDefault,BlackholeDefault,,,,,,,,,,,,,,tara_tex.png,tara_tex.png,tara_tex.png,tara_tex.png,
BlackHoleBlue,BlackHoleBlue,,,,,,500,,,TID_TARA_BLUE_SKIN,TID_TARA_BLUE_SKIN_SHOP,MODEL,,,tara_blue_tex.png,tara_blue_tex.png,tara_blue_tex.png,tara_blue_tex.png,
BlackHoleStreetNinja,BlackHoleStreetNinja,5,,,,,,80,,TID_TARA_STREET_NINJA_SKIN,TID_TARA_STREET_NINJA_SKIN_SHOP,"MODEL,VFX,ANIM",,,tara_streetninja_tex.png,tara_streetninja_tex.png,tara_streetninja_tex.png,tara_streetninja_tex.png,
BlackHoleMisfortune,BlackHoleMisfortune,,5,,,,,,,TID_MISFORTUNE_TARA,MISFORTUNE TARA,,Ported by xXCoolBoyXx,,tara_misfortune_tex.png,tara_misfortune_tex.png,tara_misfortune_tex.png,tara_misfortune_tex.png,
BlackholePetDefault,BlackholePetDefault,,,,,,,,,,,,,,ninja_ability_tex.pvr,ninja_ability_tex.pvr,ninja_ability_tex.pvr,ninja_ability_tex.pvr,
BarrelbotDefault,BarrelbotDefault,,,,,,,,,,,,,,darryl_tex.png,darryl_tex.png,darryl_tex.png,"darryl_tex.png+value(masks/darryl/darryl_msk.png,0.698000)",
BarrelbotCny,BarrelbotCny,2,,,,,,80,,TID_SKIN_DUMPLING_DARRYL,TID_SKIN_DUMPLING_DARRYL_SHOP,"MODEL,VFX",SUPERCELL,,darryl_cny_tex.png,darryl_cny_tex.png,darryl_cny_tex.png,darryl_cny_tex.png,
BarrelBotFootball,BarrelBotFootball,,,,,,,80,,TID_MASCOT_DARRYL_SKIN,TID_MASCOT_DARRYL_SKIN_SHOP,"MODEL,TEXTURE,ANIM,VFX",,,darryl_fb_tex.png,darryl_fb_tex.png,darryl_fb_tex.png,darryl_fb_tex.png,
BarrelbotDroid,BarrelbotDroid,11,5,,,,,,,TID_D4R-RY1,D4R-RY1,,SUPERCELL,,darryl_droid_tex.png,darryl_droid_tex.png,darryl_droid_tex.png,darryl_droid_tex.png,
ArtilleryGalDefault,ArtilleryGalDefault,,,,ArtilleryTurretDefault,,,,,,,,,,penny_tex.png,penny_tex.png,penny_tex.png,penny_tex.png,
ArtilleryGalElf,ArtilleryGalElf,1,,,ArtilleryTurretElf,,,80,,TID_PENNY_ELF_SKIN,TID_PENNY_ELF_SKIN_SHOP,"MODEL,TURRET,VFX",SUPERCELL,,penny_elf_tex.png,penny_elf_tex.png,penny_elf_tex.png,penny_elf_tex.png,
ArtilleryGalBunny,ArtilleryGalBunny,,,,ArtilleryTurretBunny,,,80,,TID_PENNY_BUNNY_SKIN,TID_PENNY_BUNNY_SKIN_SHOP,"MODEL,TURRET,VFX",,,penny_bunny_tex.png,penny_bunny_tex.png,penny_bunny_tex.png,penny_bunny_tex.png,
ArtilleryDudeDarkBunny,ArtilleryDudeDarkBunny,,,,ArtilleryTurretDarkBunny,,10000,,,TID_BLACK_BUNNY_PENNY_SKIN,TID_BLACK_BUNNY_PENNY_SKIN_SHOP,"MODEL,TEXTURE",,,penny_bunnydark_tex.png,penny_bunnydark_tex.png,penny_bunnydark_tex.png,penny_bunnydark_tex.png,
ArtilleryTurretDefault,ArtilleryTurretDefault,,,,,,,,,,,,,,penny_tex.png,penny_tex.png,penny_tex.png,penny_tex.png,
ArtilleryTurretElf,ArtilleryTurretElf,,,,,,,,,,,,,,penny_elf_tex.png,penny_elf_tex.png,penny_elf_tex.png,penny_elf_tex.png,
ArtilleryTurretBunny,ArtilleryTurretBunny,,,,,,,,,,,,,,penny_bunny_tex.png,penny_bunny_tex.png,penny_bunny_tex.png,penny_bunny_tex.png,
ArtilleryTurretDarkBunny,ArtilleryTurretBunny,,,,,,,,,,,,,,penny_bunnydark_tex.png,penny_bunnydark_tex.png,penny_bunnydark_tex.png,penny_bunnydark_tex.png,
FrankDefault,FrankDefault,,,,,,,,,,,,,,frank_tex.png,frank_tex.png,frank_tex.png,frank_tex.png,
FrankCaveman,FrankCaveman,9,,,,,,80,,TID_FRANK_CAVEMAN_SKIN,TID_FRANK_CAVEMAN_SKIN_SHOP,MODEL,,,frank_caveman_01.png,frank_caveman_01.png,frank_caveman_01.png,frank_caveman_01.png,
HammerDudeDJ,HammerDudeDJ,,,,,,,80,,TID_FRANK_DJ_SKIN,TID_FRANK_DJ_SKIN_SHOP,MODEL,,,frank_dj_tex.png,frank_dj_tex.png,"frank_dj_tex.png+value(masks/frank/frank_dj_coat_msk.png,0.200000)","frank_dj_tex.png+value(masks/frank/frank_dj_coat_msk.png,0.200000)",
HammerDudeXmas,HammerDudeXmas,,5,,,,,,,TID_HOLIDAY PARTY_FRANK,HOLIDAY PARTY FRANK,,Ported By Zap,,frank_xmasparty_tex.png,frank_xmasparty_tex.png,frank_xmasparty_tex.png,frank_xmasparty_tex.png,
NinjaDefault,NinjaDefault,,,,,,,,,,,,,,leon_tex.png,leon_tex.png,leon_tex.png,leon_tex.png,
NinjaShark,NinjaShark,,,,,,,80,,TID_LEON_SHARK_SKIN,TID_LEON_SHARK_SKIN_SHOP,MODEL,,,shark_leon_tex.png,shark_leon_tex.png,shark_leon_tex.png,shark_leon_tex.png,
NinjaWolf,NinjaWolf,3,,,,,,150,,TID_LEON_WEREWOLF_SKIN,TID_LEON_WEREWOLF_SKIN_SHOP,"MODEL,VFX,ANIM,SFX",SUPERCELL,,leon_wolf_tex.png,leon_wolf_tex.png,leon_wolf_tex.png,leon_wolf_tex.png,
NinjaSally,NinjaSally,4,,,,,,80,,TID_LEON_SALLY_SKIN,TID_LEON_SALLY_SKIN_SHOP,"MODEL,VFX",,,leon_sally_tex.png,leon_sally_tex.png,leon_sally_tex.png,leon_sally_tex.png,
NinjaSilver,NinjaSilver,13,,,,,,,10000,TID_TRUE_SILVER_LEON_SKIN,TID_TRUE_SILVER_LEON_SKIN_SHOP,"MODEL,TEXTURE",,silver_materials.scw,leon_silver_tex.png,leon_silver_tex.png,leon_silver_tex.png,leon_silver_tex.png,
NinjaGold,NinjaGold,14,,,,,,,25000,TID_TRUE_GOLD_LEON_SKIN,TID_TRUE_GOLD_LEON_SKIN_SHOP,"MODEL,TEXTURE",,gold_materials.scw,leon_gold_tex.png,leon_gold_tex.png,leon_gold_tex.png,leon_gold_tex.png,
HookDefault,HookDefault,,,,,,,,,,,,,,gene_tex.png,gene_tex.png,gene_tex.png,gene_tex.png,
HookPirate,HookPirate,,,,,,,80,,TID_GENE_PIRATE_SKIN,TID_GENE_PIRATE_SKIN_SHOP,MODEL,,,gene_pirate_tex.png,gene_pirate_tex.png,gene_pirate_tex.png,gene_pirate_tex.png,
HookDudeBazaar,HookDudeBazaar,,,,,,,150,,TID_EVIL_GENE_SKIN,TID_EVIL_GENE_SKIN_SHOP,"MODEL,TEXTURE,ANIM,VFX,SFX,VOICE",,,gene_dark_tex.png,gene_dark_tex.png,gene_dark_tex.png,gene_dark_tex.png,
WhirlwindDefault,WhirlwindDefault,,,,,,,,,,,,,,carl_tex.png,carl_tex.png,carl_tex.png,carl_tex.png,
WhirlwindRR,WhirlwindHotrod,,,,,,,80,,TID_CARL_RR_SKIN,TID_CARL_RR_SKIN_SHOP,"MODEL,VFX",,,carl_hotrod_tex.png,carl_hotrod_tex.png,carl_hotrod_tex.png,carl_hotrod_tex.png,
WhirlwindHogrider,WhirlwindHogrider,,,,,,,80,,TID_CARL_HOG_RIDER_SKIN,TID_CARL_HOG_RIDER_SKIN_SHOP,MODEL,,,carl_hogrider_tex.png,carl_hogrider_tex.png,carl_hogrider_tex.png,carl_hogrider_tex.png,
WhirlwindLeonard,WhirlwindLeonard,4,,,,,,80,,TID_CARL_LEONARD_SKIN,TID_CARL_LEONARD_SKIN_SHOP,"MODEL,VFX",,,carl_leonard_tex.png,carl_leonard_tex.png,carl_leonard_tex.png,carl_leonard_tex.png,
WhirlwindPirate,WhirlwindPirate,1,,,,,,150,,TID_CARL_CAPTAIN_SKIN,TID_CARL_CAPTAIN_SKIN_SHOP,"MODEL,VFX,ANIM",SUPERCELL,,carl_pirate_tex.png,carl_pirate_tex.png,carl_pirate_tex.png,carl_pirate_tex.png,
WhirlwindDarkTide,WhirlwindPirate,,5,,,,10000,,,TID_DARKTIDE_CARL,DARK TIDE CARL,,,,"carl_pirate_tex.png+hue(masks/carl/carl_bandana_msk.png,25.115999)+value(masks/carl/carl_bandana_msk.png,0.581000)+hue(masks/carl/carl_belt_msk.png,121.394997)+value(masks/carl/carl_boots_gloves_msk.png,0.349000)+saturation(masks/carl/carl_bright_boot_glove_msk.png,1.279000)+hue(masks/carl/carl_coat_trunks_msk.png,318.140015)+value(masks/carl/carl_bright_boot_glove_msk.png,0.814000)+value(masks/carl/carl_belt_msk.png,1.163000)+value(masks/carl/carl_coat_trunks_msk.png,0.116000)+value(masks/carl/carl_hat_msk.png,0.465000)+saturation(masks/carl/carl_hat_msk.png,3.372000)+hue(masks/carl/carl_hat_msk.png,309.766998)+saturation(masks/carl/carl_coat_trunks_msk.png,0.814000)+value(masks/carl/carl_sleeves_msk.png,0.116000)+hue(masks/carl/carl_sleeves_msk.png,226.046997)+saturation(masks/carl/carl_sleeves_msk.png,9.186000)+value(masks/carl/carl_x_msk.png,0.465000)+hue(masks/carl/carl_x_msk.png,29.302000)+hue(masks/carl/carl_ship_handle_msk.png,192.557999)+value(masks/carl/carl_ship_handle_msk.png,0.349000)+hue(masks/carl/carl_ship_metal_msk.png,192.557999)+saturation(masks/carl/carl_ship_metal_msk.png,0.581000)+value(masks/carl/carl_ship_metal_msk.png,0.581000)+hue(masks/carl/carl_ship_skull_msk.png,175.813995)+saturation(masks/carl/carl_ship_skull_msk.png,0.116000)+saturation(masks/carl/carl_hull_msk.png,0.814000)+value(masks/carl/carl_hull_msk.png,0.581000)","carl_pirate_tex.png+hue(masks/carl/carl_bandana_msk.png,25.115999)+value(masks/carl/carl_bandana_msk.png,0.581000)+hue(masks/carl/carl_belt_msk.png,121.394997)+value(masks/carl/carl_boots_gloves_msk.png,0.349000)+saturation(masks/carl/carl_bright_boot_glove_msk.png,1.279000)+hue(masks/carl/carl_coat_trunks_msk.png,318.140015)+value(masks/carl/carl_bright_boot_glove_msk.png,0.814000)+value(masks/carl/carl_belt_msk.png,1.163000)+value(masks/carl/carl_coat_trunks_msk.png,0.116000)+value(masks/carl/carl_hat_msk.png,0.465000)+saturation(masks/carl/carl_hat_msk.png,3.372000)+hue(masks/carl/carl_hat_msk.png,309.766998)+saturation(masks/carl/carl_coat_trunks_msk.png,0.814000)+value(masks/carl/carl_sleeves_msk.png,0.116000)+hue(masks/carl/carl_sleeves_msk.png,226.046997)+saturation(masks/carl/carl_sleeves_msk.png,9.186000)+value(masks/carl/carl_x_msk.png,0.465000)+hue(masks/carl/carl_x_msk.png,29.302000)+hue(masks/carl/carl_ship_handle_msk.png,192.557999)+value(masks/carl/carl_ship_handle_msk.png,0.349000)+hue(masks/carl/carl_ship_metal_msk.png,192.557999)+saturation(masks/carl/carl_ship_metal_msk.png,0.581000)+value(masks/carl/carl_ship_metal_msk.png,0.581000)+hue(masks/carl/carl_ship_skull_msk.png,175.813995)+saturation(masks/carl/carl_ship_skull_msk.png,0.116000)+saturation(masks/carl/carl_hull_msk.png,0.814000)+value(masks/carl/carl_hull_msk.png,0.581000)","carl_pirate_tex.png+hue(masks/carl/carl_belt_msk.png,129.766998)+hue(masks/carl/carl_coat_trunks_msk.png,221.860001)+saturation(masks/carl/carl_hat_msk.png,1.628000)+hue(masks/carl/carl_sleeves_msk.png,180.000000)+saturation(masks/carl/carl_sleeves_msk.png,3.721000)+hue(masks/carl/carl_x_msk.png,0.000000)+value(masks/carl/carl_sleeves_msk.png,0.581000)+value(masks/carl/carl_x_msk.png,0.581000)+hue(masks/carl/carl_bandana_msk.png,16.743999)+value(masks/carl/carl_bandana_msk.png,0.581000)+hue(masks/carl/carl_ship_metal_msk.png,188.371994)+saturation(masks/carl/carl_ship_metal_msk.png,0.349000)+value(masks/carl/carl_ship_metal_msk.png,0.930000)+value(masks/carl/carl_ship_skull_msk.png,0.349000)+hue(masks/carl/carl_ship_skull_msk.png,159.070007)","carl_pirate_tex.png+hue(masks/carl/carl_belt_msk.png,129.766998)+hue(masks/carl/carl_coat_trunks_msk.png,221.860001)+saturation(masks/carl/carl_hat_msk.png,1.628000)+hue(masks/carl/carl_sleeves_msk.png,180.000000)+saturation(masks/carl/carl_sleeves_msk.png,3.721000)+hue(masks/carl/carl_x_msk.png,0.000000)+value(masks/carl/carl_sleeves_msk.png,0.581000)+value(masks/carl/carl_x_msk.png,0.581000)+hue(masks/carl/carl_bandana_msk.png,16.743999)+value(masks/carl/carl_bandana_msk.png,0.581000)+hue(masks/carl/carl_ship_metal_msk.png,188.371994)+saturation(masks/carl/carl_ship_metal_msk.png,0.349000)+value(masks/carl/carl_ship_metal_msk.png,0.930000)+value(masks/carl/carl_ship_skull_msk.png,0.349000)+hue(masks/carl/carl_ship_skull_msk.png,159.070007)",
RosaDefault,RosaDefault,,,,,,,,,,,,,,,,,,
RosaBrawloween,RosaBrawloween,,5,,,,,80,,TID_BRAWLOWEEN_ROSA,BRAWLOWEEN ROSA,,SUPERCELL,,,,,,
RosaCoco,RosaCoco,,,,,,,,,TID_ROSA_COCO,TID_ROSA_COCO,,,,,,,,
BaseballDefault,BaseballDefault,,,,,,,,,,,,,,bibi_tex.png,bibi_tex.png,bibi_tex.png,bibi_tex.png,
BaseballGamer,BaseballGamer,5,,,,,,150,,TID_BIBI_GAMER_SKIN,TID_BIBI_GAMER_SKIN_SHOP,"MODEL,VFX,ANIM",,,bibi_gamer_tex.png,bibi_gamer_tex.png,bibi_gamer_tex.png,bibi_gamer_tex.png,
BaseballZombibi,BaseballZombibi,,5,,,,,80,,TID_ZOMBIBI,ZOMBIBI,,,,bibi_zombibi_tex.png,bibi_zombibi_tex.png,bibi_zombibi_tex.png,bibi_zombibi_tex.png,
BaseballVigilante,BaseballVigilante,,5,,,,,49,,TID_BIBILANTE,BIBILANTE,,,max_geo.scw,bibi_vigilante_tex.png,bibi_vigilante_tex.png,bibi_vigilante_tex.png,bibi_vigilante_tex.png,
BaseballWarrior,BaseballWarrior,,5,,,,,49,,TID_PUNK_BIBI,VISICIOUS BIBI,,,,bibi_warrior_tex.png,bibi_warrior_tex.png,bibi_warrior_tex.png,bibi_warrior_tex.png,
ClusterBombDefault,ClusterBombDefault,,,,ClusterBombPetDefault,,,,,,,,,,tick_tex.png,tick_tex.png,tick_tex.png,tick_tex.png,
ClusterBombMonster,ClusterBombMonster,,,,ClusterBombPetMonster,,,80,,TID_KING_CRAB_TICK_SKIN,TID_KING_CRAB_TICK_SKIN_SHOP,"MODEL,TEXTURE,ANIM,VFX",,,tick_crab_tex.png,tick_crab_tex.png,tick_crab_tex.png,tick_crab_tex.png,
ClusterBombSnowman,ClusterBombSnowman,,5,,ClusterBombPetSnowman,,,80,,TID_SNOWMAN_TICK,SNOWMAN TICK,,,,tick_snowman_tex.png,tick_snowman_tex.png,tick_snowman_tex.png,tick_snowman_tex.png,
ClusterBombPetDefault,ClusterBombPetDefault,,,,,,,,,,,,,,tick_tex.png,tick_tex.png,tick_tex.png,tick_tex.png,
ClusterBombPetMonster,ClusterBombPetMonster,,,,,,,,,,,,,,tick_crab_tex.png,tick_crab_tex.png,tick_crab_tex.png,tick_crab_tex.png,
ClusterBombPetSnowman,ClusterBombPetSnowman,,5,,,,,,,TID_SNOWMAN_BOMBHEAD,,,,,tick_snowman_tex.png,tick_snowman_tex.png,tick_snowman_tex.png,tick_snowman_tex.png,
ArcadeDefault,ArcadeDefault,,,,DamageBoosterDefault,,,,,,,,,,8bit_tex.png,"8bit_tex.png+hue(masks/8bit/8bit_msk.png,138.000000)+saturation(masks/8bit/8bit_msk.png,3.000000)+hue(masks/8bit/8bit_light_msk.png,146.000000)",8bit_tex.png,"8bit_tex.png+hue(masks/8bit/8bit_msk.png,138.000000)+saturation(masks/8bit/8bit_msk.png,3.000000)+hue(masks/8bit/8bit_light_msk.png,146.000000)",
ArcadeClassic,ArcadeClassic,,,,DamageBoosterDefault,,,30,,TID_8BIT_CLASSIC_SKIN,TID_8BIT_CLASSIC_SKIN_SHOP,MODEL,,,8bit_classic_tex.png,"8bit_classic_tex.png+hue(masks/8bit/8bit_msk.png,138.000000)+saturation(masks/8bit/8bit_msk.png,3.000000)+hue(masks/8bit/8bit_light_msk.png,146.000000)",8bit_classic_tex.png,"8bit_classic_tex.png+hue(masks/8bit/8bit_msk.png,138.000000)+saturation(masks/8bit/8bit_msk.png,3.000000)+hue(masks/8bit/8bit_light_msk.png,146.000000)",
ArcadeVirus,ArcadeVirus,5,,,DamageBoosterVirus,,,300,,TID_8BIT_VIRUS_SKIN,TID_8BIT_VIRUS_SKIN_SHOP,"MODEL,VFX,ANIM,VOICE",,,8bit_virus_tex.png,8bit_virus_tex.png,8bit_virus_tex.png,8bit_virus_tex.png,
DamageBoosterDefault,DamageBoosterDefault,,,,,,,,,,,,,,8bit_tex.png,"8bit_tex.png+hue(masks/8bit/8bit_msk.png,138.000000)+saturation(masks/8bit/8bit_msk.png,3.000000)+hue(masks/8bit/8bit_light_msk.png,146.000000)",8bit_tex.png,"8bit_tex.png+hue(masks/8bit/8bit_msk.png,138.000000)+saturation(masks/8bit/8bit_msk.png,3.000000)+hue(masks/8bit/8bit_light_msk.png,146.000000)",
DamageBoosterVirus,DamageBoosterVirus,,,,,,,,,,,,,,8bit_virus_tex.png,"8bit_virus_tex.png+hue(masks/8bit/8bit_msk.png,138.000000)+saturation(masks/8bit/8bit_msk.png,3.000000)+hue(masks/8bit/8bit_light_msk.png,146.000000)",8bit_virus_tex.png,"8bit_virus_tex.png+hue(masks/8bit/8bit_msk.png,138.000000)+saturation(masks/8bit/8bit_msk.png,3.000000)+hue(masks/8bit/8bit_light_msk.png,146.000000)",
SandstormDefault,SandstormDefault,,,,,,,,,,,,,,sandy_tex.png,sandy_tex.png,sandy_tex.png,sandy_tex.png,
Sandstormsleepy,Sandstormsleepy,,,,,,,30,,TID_SANDY_SLEEPY_SKIN,TID_SANDY_SLEEPY_SKIN_SHOP,MODEL,,,sleepy_sandy_tex.png,sleepy_sandy_tex.png,sleepy_sandy_tex.png,sleepy_sandy_tex.png,
SandstormGiftShop,SandstormGiftShop,,,,,,,80,,TID_SUGAR_RUSH_SANDY_SKIN,TID_SUGAR_RUSH_SANDY_SKIN_SHOP,"MODEL,TEXTURE,ANIM,VFX",,,sandy_sugar_addict_tex.png,sandy_sugar_addict_tex.png,sandy_sugar_addict_tex.png,sandy_sugar_addict_tex.png,
BeeSniperDefault,BeeSniperDefault,,,,BeeSniperSlowPotDefault,,,,,,,,,,bea_tex.png,bea_tex.png,bea_tex.png,bea_tex.png,
BeeSniperLadyBug,BeeSniperLadyBug,,,,BeeSniperSlowPotDefault,,,30,,TID_BEA_LADYBUG_SKIN,TID_BEA_LADYBUG_SKIN_SHOP,MODEL,,,bea_ladybug_tex.png,bea_ladybug_tex.png,bea_ladybug_tex.png,bea_ladybug_tex.png,
BeeSniperMonster,BeeSniperMonster,,,,BeeSniperSlowPotDefault,,,150,,TID_MEGA_BEETLE_BEA_SKIN,TID_MEGA_BEETLE_BEA_SKIN_SHOP,"MODEL,TEXTURE,ANIM,VFX,VOICE",,,bea_bug_tex.png,bea_bug_tex.png,bea_bug_tex.png,bea_bug_tex.png,
BeeSniperCat,BeeSniperCat,,5,,BeeSniperSlowPotDefault,,,80,,TID_NEKO_BEA,NEKO BEA,,Ported By xXCoolBoyXx,,bea_luckycat_tex.png,bea_luckycat_tex.png,bea_luckycat_tex.png,bea_luckycat_tex.png,
BeeSniperCatGold,BeeSniperCatGold,,5,,BeeSniperSlowPotDefault,,,150,,TID_GOLD_NEKO_BEA,GOLD NEKO BEA,gold_materials.scw,Ported By xXCoolBoyXx,,bea_goldcat_tex.png,bea_goldcat_tex.png,bea_goldcat_tex.png,bea_goldcat_tex.png,
BeeSniperDefaultAddonBee,BeeSniperDefaultAddonBee,,,,,,,,,,,,,,bea_tex.png,bea_tex.png,bea_tex.png,bea_tex.png,
BeeSniperLadyBugAddonBee,BeeSniperLadyBugAddonBee,,,,,,,,,,,,,,bea_ladybug_tex.png,bea_ladybug_tex.png,bea_ladybug_tex.png,bea_ladybug_tex.png,
BeeSniperMonsterAddonBee,BeeSniperMonsterAddonBee,,,,,,,,,,,,,,bea_bug_tex.png,bea_bug_tex.png,bea_bug_tex.png,bea_bug_tex.png,
BeeSniperCatAddonBee,BeeSniperCatAddonBee,,5,,,,,,,,,,Ported By xXCoolBoyXx,,bea_luckycat_tex.png,bea_luckycat_tex.png,bea_luckycat_tex.png,bea_luckycat_tex.png,
BeeSniperCatGoldAddonBee,BeeSniperCatGoldAddonBee,,5,,,,,,,,,gold_materials.scw,Ported By xXCoolBoyXx,,bea_goldcat_tex.png,bea_goldcat_tex.png,bea_goldcat_tex.png,bea_goldcat_tex.png,
BeeSniperSlowPotDefault,BeeSniperSlowPotDefault,,,,,,,,,,,,,,bea_gadget_honeypot_tex.pvr,bea_gadget_honeypot_tex.pvr,bea_gadget_honeypot_tex.pvr,bea_gadget_honeypot_tex.pvr,
MummyDefault,MummyDefault,,,,,,,,,,,,,,emz_tex.png,emz_tex.png,emz_tex.png,emz_tex.png,
MummyCollege,MummyCollege,,,,,,500,,,TID_COLLEGE_EMZ_SKIN,TID_COLLEGE_EMZ_SKIN_SHOP,"MODEL,TEXTURE",,,emz_college_tex.png,emz_college_tex.png,emz_college_tex.png,emz_college_tex.png,
MummyGiftShop,MummyGiftShop,,,,,,,150,,TID_SUPER_FAN_EMZ_SKIN,TID_SUPER_FAN_EMZ_SKIN_SHOP,"MODEL,TEXTURE,ANIM,VFX",,,emz_giftshop_tex.png,emz_giftshop_tex.png,emz_giftshop_tex.png,emz_giftshop_tex.png,
MummySilver,MummySilver,13,,,,,,,10000,TID_TRUE_SILVER_EMZ_SKIN,TID_TRUE_SILVER_EMZ_SKIN_SHOP,"MODEL,TEXTURE",,silver_materials.scw,emz_silver_tex.png,emz_silver_tex.png,emz_silver_tex.png,emz_silver_tex.png,
MummyGold,MummyGold,14,,,,,,,25000,TID_TRUE_GOLD_EMZ_SKIN,TID_TRUE_GOLD_EMZ_SKIN_SHOP,"MODEL,TEXTURE",,gold_materials.scw,emz_gold_tex.png,emz_gold_tex.png,emz_gold_tex.png,emz_gold_tex.png,
SpawnerDudeDefault,SpawnerDudeDefault,,,,SpawnerDudeTurretDefault,SpawnerPetDefault,,150,,TID_BROCK_HOTROD_SKIN,TID_BROCK_HOTROD_SKIN_SHOP,"MODEL,VFX",,,mrp_tex.png,mrp_tex.png,mrp_tex.png,mrp_tex.png,
SpawnerDudeAgentP,SpawnerDudeAgentP,,,,SpawnerDudeTurretAgentP,SpawnerPetAgentP,,30,,TID_MRP_AGENT_SKIN,TID_MRP_AGENT_SKIN_SHOP,"MODEL,TURRET",,,mrp_agentp_tex.png,mrp_agentp_tex.png,mrp_agentp_tex.png,mrp_agentp_tex.png,
SpawnerDudeTurretDefault,SpawnerDudeTurretDefault,,,,,,,,,,,,,,mrp_spawner_tex.png,mrp_spawner_tex.png,mrp_spawner_tex.png,mrp_spawner_tex.png,
SpawnerDudeTurretAgentP,SpawnerDudeTurretAgentP,,,,,,,,,,,,,,mrp_agentp_spawner_tex.png,mrp_agentp_spawner_tex.png,mrp_agentp_spawner_tex.png,mrp_agentp_spawner_tex.png,
SpawnerPetDefault,SpawnerPetDefault,,,,,,,,,,,,,,mrp_spawner_tex.png,mrp_spawner_tex.png,mrp_spawner_tex.png,mrp_spawner_tex.png,
SpawnerPetAgentP,SpawnerPetAgentP,,,,,,,,,,,,,,mrp_agentp_spawner_tex.png,mrp_agentp_spawner_tex.png,mrp_agentp_spawner_tex.png,mrp_agentp_spawner_tex.png,
SpeedyDefault,SpeedyDefault,,,,,,,,,,,MODEL,,,max_tex.png,max_tex.png,max_tex.png,max_tex.png,
SpeedyGT,SpeedyGT,,,,,,,30,,TID_MAX_BLUE_SKIN,TID_MAX_BLUE_SKIN_SHOP,MODEL,,,max_gt_tex.png,max_gt_tex.png,max_gt_tex.png,max_gt_tex.png,
SpeedyTracksuit,SpeedyTracksuit,,,,,,,80,,TID_STREETWEAR_MAX_SKIN,TID_STREETWEAR_MAX_SKIN_SHOP,"MODEL,TEXTURE",,,max_tracksuit_tex.png,max_tracksuit_tex.png,max_tracksuit_tex.png,max_tracksuit_tex.png,
SpeedyLine,SpeedyLine,4,5,,,,,150,,TID_CONY_MAX,CONY MAX,,,,max_cony_tex.png,max_cony_tex.png,max_cony_tex.png,max_cony_tex.png,
SpeedyHermes,SpeedyHermes,,5,,,,,80,,TID_HERMES_MAX,HERMES MAX,,Ported By xXCoolBoyXx,,max_hermes_tex.png,max_hermes_tex.png,max_hermes_tex.png,max_hermes_tex.png,
DrillerDefault,DrillerDefault,,,,,,,80,,TID_CARL_RR_SKIN,TID_CARL_RR_SKIN_SHOP,"MODEL,VFX",,,jacky_tex.png,jacky_tex.png,jacky_tex.png,jacky_tex.png,
DrillerConstructor,DrillerConstructor,,,,,,,30,,TID_CONSTRUCTOR_JACKY_SKIN,TID_CONSTRUCTOR_JACKY_SKIN_SHOP,"MODEL,TEXTURE",,,jacky_constructor_tex.png,jacky_constructor_tex.png,jacky_constructor_tex.png,jacky_constructor_tex.png,
DrillerMonster,DrillerMonster,,,,,,,150,,TID_ULTRA_DRILLER_JACKY_SKIN,TID_ULTRA_DRILLER_JACKY_SKIN_SHOP,"MODEL,TEXTURE,ANIM,VFX,VOICE",,,jacky_driller_tex.png,jacky_driller_tex.png,jacky_driller_tex.png,jacky_driller_tex.png,
BlowerDefault,BlowerDefault,,,,,,,150,,TID_NITA_REINDEER_SKIN,TID_NITA_REINDEER_SKIN_SHOP,"MODEL,PET",,,gale_tex.png,gale_tex.png,gale_tex.png,gale_tex.png,
BlowerTrader,BlowerTrader,11,,,,,,150,,TID_MERCHANT_GALE_SKIN,TID_MERCHANT_GALE_SKIN_SHOP,"MODEL,TEXTURE,ANIM,VFX",SUPERCELL,,gale_trader_tex.png,gale_trader_tex.png,gale_trader_tex.png,gale_trader_tex.png,
BlowerNutcracker,BlowerNutcracker,,5,,,,,150,,TID_NUT_GALE,NUTCRACKER GALE,,,,gale_nutcracker_tex.png,gale_nutcracker_tex.png,gale_nutcracker_tex.png,gale_nutcracker_tex.png,
ControllerDefault,ControllerDefault,,,,,,,150,,TID_MECHANIC_KNIGHT_SKIN,TID_MECHANIC_KNIGHT_SKIN_SHOP,"MODEL,TURRET,VFX,ANIM",,,nani_tex.png,nani_tex.png,nani_tex.png,nani_tex.png,
ControllerRetro,ControllerRetro,,,,,,,30,,TID_RETRO_NANI_SKIN,TID_RETRO_NANI_SKIN_SHOP,"MODEL,TEXTURE",,,nani_retro_tex.png,nani_retro_tex.png,nani_retro_tex.png,nani_retro_tex.png,
ControllerLine,ControllerLine,4,5,,,,,150,,TID_SALLY_NANI,SALLY NANI,,Ported By Zap,,nani_line_friends_tex.png,nani_line_friends_tex.png,nani_line_friends_tex.png,nani_line_friends_tex.png,
ControllerDefaultAddon,ControllerDefaultAddon,,,,,,,,,,,,,,nani_tex.png,nani_tex.png,nani_tex.png,nani_tex.png,
ControllerRetroAddon,ControllerRetroAddon,,,,,,,,,,,,,,nani_retro_tex.png,nani_retro_tex.png,nani_retro_tex.png,nani_retro_tex.png,
ControllerLineAddon,ControllerLineAddon,,5,,,,,,,TID_SALLY_PEEP,,,,,nani_line_friends_tex.png,nani_line_friends_tex.png,nani_line_friends_tex.png,nani_line_friends_tex.png,
WallyDefault,WallyDefault,,,,,,,80,,TID_POCO_PIRATE_SKIN,TID_POCO_PIRATE_SKIN_SHOP,"MODEL,VFX",,,sprout_tex.png,sprout_tex.png,"sprout_tex.png+value(masks/sprout/sprout_glass_msk.png,1.000000)+hue(masks/sprout/sprout_glass_msk.png,347.441986)","sprout_tex.png+value(masks/sprout/sprout_glass_msk.png,1.000000)+hue(masks/sprout/sprout_glass_msk.png,347.441986)",
WallyHawaii,WallyHawaii,,,,,,,30,,TID_TROPICAL_SPROUT_SKIN,TID_TROPICAL_SPROUT_SKIN_SHOP,"MODEL,TEXTURE",,,sprout_hawaii_tex.png,sprout_hawaii_tex.png,"sprout_hawaii_tex.png+value(masks/sprout/sprout_glass_msk.png,1.000000)+hue(masks/sprout/sprout_glass_msk.png,347.441986)","sprout_hawaii_tex.png+value(masks/sprout/sprout_glass_msk.png,1.000000)+hue(masks/sprout/sprout_glass_msk.png,347.441986)",
WallyMoon,WallyMoon,,,,,,,150,,TID_LUNAR_SPROUT_SKIN,TID_LUNAR_SPROUT_SKIN_SHOP,"MODEL,TEXTURE,ANIM,VFX",,,sprout_moon_tex.png,sprout_moon_tex.png,sprout_moon_tex.png,sprout_moon_tex.png,
WallyPrinceGreen,WallyPrince,,5,,,,,80,,TID_GPRINCE_SPROUT,TID_GPRINCE_SPROUT,,,,sprout_gprince_tex.png,sprout_gprince_tex.png,sprout_gprince_tex.png,sprout_gprince_tex.png,
WallyPrinceRed,WallyPrinceTwo,,5,,,,,80,,TID_RPRINCE_SPROUT,TID_RPRINCE_SPROUT,,,,sprout_rprince_tex.png,sprout_rprince_tex.png,sprout_rprince_tex.png,sprout_rprince_tex.png,
PowerLevelerDefault,PowerLevelerDefault,,,,,,,,,,,,,,surge_tex.png,surge_tex.png,surge_tex.png,surge_tex.png,
PowerLevelerKnight,PowerLevelerKnight,11,,,,,,150,,TID_MECHA_PALADIN_SURGE_SKIN,TID_MECHA_PALADIN_SURGE_SKIN_SHOP,"MODEL,TEXTURE",SUPERCELL,,surge_knight_tex.png,surge_knight_tex.png,surge_knight_tex.png,surge_knight_tex.png,
PowerLevelerDIY,PowerLevelerDIY,,5,,,,,49,,TID_DIY_SURGE,DIY SURGE,,xXCoolBoyXx,,surge_diy_tex.png,surge_diy_tex.png,surge_diy_tex.png,surge_diy_tex.png,
PercenterDefault,PercenterDefault,,,,MechanicTurretTanuki,,,,,,,"MODEL,TEXTURE,ANIM,VFX",,,colette_tex.png,colette_tex.png,colette_tex.png,colette_tex.png,
PercenterTrixie,PercenterTrixie,11,,,MechanicTurretTanuki,,,150,,TID_TRIXIE_COLETTE_SKIN,TID_TRIXIE_COLETTE_SKIN_SHOP,"MODEL,TEXTURE,ANIM,VFX",SUPERCELL,,colette_trixie_tex.png,colette_trixie_tex.png,colette_trixie_tex.png,colette_trixie_tex.png,
PercenterCrew,PercenterCrew,,5,,,,,80,,TID_SPACE_COLETTE,NAVIGATOR COLETTE,,,,colette_crew_tex.png,colette_crew_tex.png,colette_crew_tex.png,colette_crew_tex.png,
FireDudeDefault,FireDudeDefault,,,,,,,,,,,,,,amber_tex.png,amber_tex.png,amber_tex.png,amber_tex.png,
ArtilleryGalCheetah,ArtilleryGalBunny,7,5,,ArtilleryTurretCheetah,,,,,TID_CHEETAH_PENNY,CHEETAH PENNY,,Quarx,,penny_cheetah_tex.png,penny_cheetah_tex.png,penny_cheetah_tex.png,penny_cheetah_tex.png,
ArtilleryTurretCheetah,ArtilleryTurretBunny,,5,,,,,,,,,,,,penny_cheetah_tex.png,penny_cheetah_tex.png,penny_cheetah_tex.png,penny_cheetah_tex.png,
ArcadeHero,ArcadeHero,7,5,,DamageBoosterDefault,,,,,TID_HERO_8BIT,HERO 8-BIT,,Plort,,8bit_hero_tex.png,8bit_hero_tex.png,8bit_hero_tex.png,8bit_hero_tex.png,
ArcadeEvil,ArcadeEvil,7,5,,DamageBoosterEvil,,,,,TID_EVIL_8BIT,EVIL 8-BIT,,Sceptile380,,8bit_evil_tex.png,8bit_evil_tex.png,8bit_evil_tex.png,8bit_evil_tex.png,
DamageBoosterEvil,DamageBoosterDefault,,5,,,,,,,TID_EVIL_BOOSTER,,,,,8bit_evil_tex.png,8bit_evil_tex.png,8bit_evil_tex.png,8bit_evil_tex.png,
ArcadeMcCree,ArcadeEvil,7,5,,DamageBoosterMcCree,,,,,TID_MCCREE_8BIT,MCCREE 8-BIT,,Roy,,8bit_mccree_tex.png,8bit_mccree_tex.png,8bit_mccree_tex.png,8bit_mccree_tex.png,
DamageBoosterMcCree,DamageBoosterDefault,,5,,,,,,,TID_MCCREE_BOOSTER,,,,,8bit_mccree_tex.png,8bit_mccree_tex.png,8bit_mccree_tex.png,8bit_mccree_tex.png,
ArcadeATM,ArcadeEvil,7,5,,DamageBoosterATM,,,,,TID_ATM_8BIT,ATM 8-BIT,,Roy,,8bit_atm_tex.png,8bit_atm_tex.png,8bit_atm_tex.png,8bit_atm_tex.png,
DamageBoosterATM,DamageBoosterDefault,,5,,,,,,,TID_ATM_BOOSTER,,,,,8bit_atm_tex.png,8bit_atm_tex.png,8bit_atm_tex.png,8bit_atm_tex.png,
ArcadeMonster,ArcadeMonster,7,5,,DamageBoosterMonster,,,,,TID_MONSTER_8BIT,MONSTER-BIT,,Plort,,8bit_monster_tex.png,8bit_monster_tex.png,8bit_monster_tex.png,8bit_monster_tex.png,
DamageBoosterMonster,DamageBoosterDefault,,5,,,,,,,TID_MONSTER_BOOSTER,,,,,8bit_monster_turret_tex.png,8bit_monster_turret_tex.png,8bit_monster_turret_tex.png,8bit_monster_turret_tex.png,
ArcadeClawMachine,ArcadeClawMachine,7,5,,DamageBoosterClawMachine,,,,,TID_CLAW_8BIT,CLAW 8-BIT,,Sceptile380,sprout_geo.scw,8bit_claw_tex.png,8bit_claw_tex.png,8bit_claw_tex.png,8bit_claw_tex.png,
DamageBoosterClawMachine,DamageBoosterClawMachine,,5,,,,,,,TID_CLAW_BOOSTER,,,,sprout_geo.scw,claw_8bit_turret_tex.png,claw_8bit_turret_tex.png,claw_8bit_turret_tex.png,claw_8bit_turret_tex.png,
ArcadeFuego,ArcadeDefault,7,5,,DamageBoosterFuego,,,,,TID_HOT_8BIT,FUEGO BIT,,KING,,8bit_fuego_tex.png,8bit_fuego_tex.png,8bit_fuego_tex.png,8bit_fuego_tex.png,
DamageBoosterFuego,DamageBoosterDefault,,5,,,,,,,TID_HOT_BOOSTER,,,,,8bit_fuego_tex.png,8bit_fuego_tex.png,8bit_fuego_tex.png,8bit_fuego_tex.png,
BarrelbotDroidToxic,BarrelbotDroid,7,5,,,,,,,TID_TOXIC_D4R-RY1,TOXIC D4R-RY1,,Roy,,darryl_toxic_tex.png,darryl_toxic_tex.png,darryl_toxic_tex.png,darryl_toxic_tex.png,
BarrelbotRonin,BarrelbotCny,7,5,,,,,,,TID_NINJA_DARRYL,RONIN DARRYL,,Roy,,darryl_ronin_tex.png,darryl_ronin_tex.png,darryl_ronin_tex.png,darryl_ronin_tex.png,
BarrelbotEarth,BarrelBotFBNoFace,7,5,,,,,,,TID_EARTH_DARRYL,EARTH DARRYL,,Bea,,darryl_earth_tex.png,darryl_earth_tex.png,darryl_earth_tex.png,darryl_earth_tex.png,
BarrelBotFun,BarrelBotFBNoFace,7,5,,,,,,,TID_FUN_DARRYL,FUN DARRYL,,Shockwave,,darryl_fun_tex.png,darryl_fun_tex.png,darryl_fun_tex.png,darryl_fun_tex.png,
BarrelbotSeashell,BarrelbotSeashell,7,5,,,,,,,TID_SEA_DARRYL,SEASHELL DARRYL,,Sceptile380,darryl_geo.scw ,darryl_seashell_tex.png,darryl_seashell_tex.png,darryl_seashell_tex.png,darryl_seashell_tex.png,
BarrelbotRetro,BarrelbotNoFace,7,5,,,,,,,TID_RETRO_DARRYL,RETRO DARRYL,,Roy,,darryl_retro_tex.png,darryl_retro_tex.png,darryl_retro_tex.png,darryl_retro_tex.png,
BanditGirlCinderace,BanditGirlCinderace,7,5,,,,,,,TID_POKEMON_SHELLY,CINDERACE SHELLY,,Sceptile380,,shelly_cinderace_tex.png,shelly_cinderace_tex.png,shelly_cinderace_tex.png,shelly_cinderace_tex.png,
BanditGirlBrawloween,BanditGirlBrawloween,7,5,,,,,,,TID_SPOOPY_SHELLY,BRAWLOWEEN SHELLY,,Eremy X,,shelly_brawloween_tex.png,shelly_brawloween_tex.png,shelly_brawloween_tex.png,shelly_brawloween_tex.png,
BanditGirlOLD,BanditGirlOLD,,5,,,,,,,TID_OLD_SHELLY,TID_OLD_SHELLY,,,,shelly_old_tex.png,shelly_old_tex.png,shelly_old_tex.png,shelly_old_tex.png,
BlackHoleMilitary,BlackholeDefault,7,5,,,,,,,TID_TARA_GREEN,MILITARY TARA,,Destlad,,tara_military_tex.png,tara_military_tex.png,tara_military_tex.png,tara_military_tex.png,
BlackholeSally,BlackholeDefault,7,5,,,,,,,TID_TARA_YELLOW,SALLY TARA,,Zap,,tara_sally_tex.png,tara_sally_tex.png,tara_sally_tex.png,tara_sally_tex.png,
BlackholeNightcap,BlackholeNightcap,7,5,,,,,,,TID_TARA_PVZ,NIGHTCAP TARA,,Sceptile380,max_geo.scw,tara_pvz_tex.png,tara_pvz_tex.png,tara_pvz_tex.png,tara_pvz_tex.png,
BaseballRocket,BaseballRocket,7,5,,,,,,,TID_ROCKET_BIBI,ROCKET BIBI,,Sceptile380,max_geo.scw,bibi_tr_tex.png,bibi_tr_tex.png,bibi_tr_tex.png,bibi_tr_tex.png,
BaseballStarr,BaseballDefault,7,5,,,,,,,TID_STARR_WORKER_BIBI,STARR WORKER BIBI,,FancyComet,,bibi_starr_tex.png,bibi_starr_tex.png,bibi_starr_tex.png,bibi_starr_tex.png,
BaseballBrawlidays,BaseballDefault,1,5,,,,,,,TID_CHRISTMAS_BIBI,BRAWLIDAYS BIBI,,KING,,bibi_brawlidays_tex.png,bibi_brawlidays_tex.png,bibi_brawlidays_tex.png,bibi_brawlidays_tex.png,
BaseballPump,BaseballDefault,7,5,,,,,,,TID_PUMPKIN_BIBI,PUMPKIN BIBI,,Ghallactic,,bibi_pumpkin_tex.png,bibi_pumpkin_tex.png,bibi_pumpkin_tex.png,bibi_pumpkin_tex.png,
BarkeepHotrod,BarkeepWizard,7,5,,,,,,,TID_HOTROD_BARLEY,HOTROD BARLEY,,Omega_Shadic,,barley_hotrod_tex.png,barley_hotrod_tex.png,barley_hotrod_tex.png,barley_hotrod_tex.png,
BarkeepRetro,BarkeepNoFace,7,5,,,,,,,TID_RETRO_BARLEY,RETRO BARLEY,,Roy,,barley_retro_tex.png,barley_retro_tex.png,barley_retro_tex.png,barley_retro_tex.png,
BarkeepToxic,BarkeepToxic,7,5,,,,,,,TID_TOXIC_BARLEY,TID_TOXIC_BARLEY,,Sceptile380,max_geo.scw,barley_stench_tex.png,barley_stench_tex.png,barley_stench_tex.png,barley_stench_tex.png,
BeeSniperDefaultSergeant,BeeSniperDefaultSergeant,7,5,,BeeSniperSlowPotDefault,,,,,TID_SERGEANT_BEA,SERGEANT BEA,,Roy,,bea_sergeant_tex.png,bea_sergeant_tex.png,bea_sergeant_tex.png,bea_sergeant_tex.png,
BeeSniperDefaultSergeantAddonBee,BeeSniperDefaultSergeantAddonBee,,,,,,,,,TID_SERGEANT_BEE,,,,,bea_sergeant_tex.png,bea_sergeant_tex.png,bea_sergeant_tex.png,bea_sergeant_tex.png,
BeeSniperAgent,BeeSniperAgent,7,5,,BeeSniperSlowPotDefault,,,,,TID_AGENT_B,AGENT B.,,Andrew.,,bea_agent_tex.png,bea_agent_tex.png,bea_agent_tex.png,bea_agent_tex.png,
BeeSniperAgentAddonBee,BeeSniperAgentAddonBee,,,,,,,,,TID_AGENT_BEE,,,,,bea_agent_tex.png,bea_agent_tex.png,bea_agent_tex.png,bea_agent_tex.png,
BeeSniperArchvillian,BeeSniperArchvillian,7,5,,BeeSniperSlowPotDefault,,,,,TID_ARCHVILLIAN_BEA,ARCHVILLIAN BEA,,Molyan,,bea_archvillian_tex.png,bea_archvillian_tex.png,bea_archvillian_tex.png,bea_archvillian_tex.png,
BeeSniperArchvillianAddonBee,BeeSniperDefaultAddonBee,,,,,,,,,TID_ARCHVILLIAN_BEE,,,,,bea_archvillian_tex.png,bea_archvillian_tex.png,bea_archvillian_tex.png,bea_archvillian_tex.png,
BeeSniperSans,BeeSniperSans,7,5,,BeeSniperSlowPotDefault,,,,,TID_SANS_BEA,TID_SANS_BEA,,Bea,,bea_sans_tex.png,bea_sans_tex.png,bea_sans_tex.png,bea_sans_tex.png,
BeeSniperSansAddonBee,BeeSniperSansAddonBee,,,,,,,,,TID_SANS_BEE,,,,,bea_sans_tex.png,bea_sans_tex.png,bea_sans_tex.png,bea_sans_tex.png,
BeeSniperDragon,BeeSniperDragon,7,5,,BeeSniperSlowPotDefault,,,,,TID_DRAGON_BEA,TID_DRAGON_BEA,,Sceptile380,max_geo.scw,bea_evildragon_tex.png,bea_evildragon_tex.png,bea_evildragon_tex.png,bea_evildragon_tex.png,
BeeSniperDragonAddonBee,BeeSniperDragonAddonBee,,,,,,,,,TID_DRAGON_BEE,,,,max_geo.scw,bea_bug_tex.png,bea_bug_tex.png,bea_bug_tex.png,bea_bug_tex.png,
BowDudeHunter,BowDudeDefault,7,5,,BowDudeTotemDefault,,,,,TID_HUNTER_BO,CROW HUNTER BO,,Roy,,bo_hunter_tex.png,bo_hunter_tex.png,bo_hunter_tex.png,bo_hunter_tex.png,
BullGuyZomfutbull,BullGuyFootbullNoFace,7,5,,,,,,,TID_ZOMFUTBULL,ZOMFUTBULL,,Roy,,bull_zomfutbull_tex.png,bull_zomfutbull_tex.png,bull_zomfutbull_tex.png,bull_zomfutbull_tex.png,
BullGuyThunder,BullGuyThunder,7,5,,,,,,,TID_THUNDER_BULL,THUNDERSTORM BULL,,Sceptile380 & KNG YT,,bull_thunder_tex.png,bull_thunder_tex.png,bull_thunder_tex.png,bull_thunder_tex.png,
BullGuyMecha,BullGuyNoFace,7,5,,,,,,,TID_MECHA_BULL,MECHA BULL,,Roy,,bull_mecha_tex.png,bull_mecha_tex.png,bull_mecha_tex.png,bull_mecha_tex.png,
BullGuyMs,BullGuyNoFace,7,5,,,,,,,TID_MAGMA_BULL,MAGMA BULL,,Sceptile380,,bull_ms_tex.png,bull_ms_tex.png,bull_ms_tex.png,bull_ms_tex.png,
BullGuyBush,BullGuyBush,7,5,,,,,,,TID_BUSH_BULL,BUSH BULL,,xXCoolBoyXx,,bull_grass_tex.png,bull_grass_tex.png,bull_grass_tex.png,bull_grass_tex.png,
CactusLordHalloween,CactusLord,7,5,,,,,,,TID_HALLOWEEN_LORD_SPIKE,HALLOWEEN LORD SPIKE,,Start boi,,spike_pumpkins_tex.png,spike_pumpkins_tex.png,spike_pumpkins_tex.png,spike_pumpkins_tex.png,
CactusMime,CactusDefault,7,5,,,,,,,TID_MIME_SPIKE,MIME SPIKE,,Roy,,spike_mime_tex.png,spike_mime_tex.png,spike_mime_tex.png,spike_mime_tex.png,
CactusBandit,CactusBandit,7,5,,,,,,,TID_THIEF_SPIKE,BANDIT SPIKE,,Dark King,,spike_bandit_tex.png,spike_bandit_tex.png,spike_bandit_tex.png,spike_bandit_tex.png,
CactusDemon,CactusDemon,7,5,,,,,,,TID_RED_SPIKE,DEMON SPIKE,,Sceptile380,max_geo.scw,spike_demon_tex.png,spike_demon_tex.png,spike_demon_tex.png,spike_demon_tex.png,
CactusFan,CactusFan,7,5,,,,,,,TID_FAN_SPIKE,PRIMO FAN SPIKE,,Plort,,spike_fan_tex.png,spike_fan_tex.png,spike_fan_tex.png,spike_fan_tex.png,
ClusterBombKirby,ClusterBombKirby,7,5,,ClusterBombPetKirby,,,,,TID_KIRBY_TICK,KIRBY TICK,,Sceptile380,,tick_kirby_tex.png,tick_kirby_tex.png,tick_kirby_tex.png,tick_kirby_tex.png,
ClusterBombPetKirby,ClusterBombPetDefault,,5,,,,,,,TID_KIRBY_BOMBHEAD,,,,,tick_kirby_tex.png,tick_kirby_tex.png,tick_kirby_tex.png,tick_kirby_tex.png,
ClusterBombMilitary,ClusterBombMilitary,7,5,,ClusterBombPetMilitary,,,,,TID_MILITARY_TICK,MILITARY TICK,,Destlad,,tick_military_tex.png,tick_military_tex.png,tick_military_tex.png,tick_military_tex.png,
ClusterBombPetMilitary,ClusterBombPetDefault,,5,,,,,,,TID_MILITARY_BOMBHEAD,,,,,tick_military_tex.png,tick_military_tex.png,tick_military_tex.png,tick_military_tex.png,
ClusterBombBasket,ClusterBombDefault,7,5,,ClusterBombPetBasket,,,,,TID_BASKET_TICK,BASKET TICK,,Roy,,tick_basket_tex.png,tick_basket_tex.png,tick_basket_tex.png,tick_basket_tex.png,
ClusterBombPetBasket,ClusterBombPetDefault,,5,,,,,,,TID_BASKET_BOMBHEAD,,,,,tick_basket_tex.png,tick_basket_tex.png,tick_basket_tex.png,tick_basket_tex.png,
ClusterBombRobo,ClusterBombRobo,7,5,,ClusterBombPetRobo,,,,,TID_ROBO_TICK,ROBO TICK,,KING,,tick_robo_tex.png,tick_robo_tex.png,tick_robo_tex.png,tick_robo_tex.png,
ClusterBombPetRobo,ClusterBombPetDefault,,5,,,,,,,TID_ROBO_BOMBHEAD,,,,,tick_robo_tex.png,tick_robo_tex.png,tick_robo_tex.png,tick_robo_tex.png,
CrowVr,CrowVr,7,5,,,,,,,TID_VR_CROW,VR CROW,,Roy,,crow_vr_tex.png,crow_vr_tex.png,crow_vr_tex.png,crow_vr_tex.png,
ControllerGuard,ControllerGuard,7,5,,,,,,,TID_GUARD_NANI,GUARD NANI,,Plort,,nani_guard_tex.png,nani_guard_tex.png,nani_guard_tex.png,nani_guard_tex.png,
ControllerSwitch,ControllerSwitch,7,5,,,,,,,TID_SWITCH_NANI,TID_SWITCH_NANI,,Wendro,,nani_switch_tex.png,nani_switch_tex.png,nani_switch_tex.png,nani_switch_tex.png,
ControllerGuardAddon,ControllerGuardAddon,,5,,,,,,,TID_GUARD_PEEP,,,,,nani_guard_tex.png,nani_guard_tex.png,nani_guard_tex.png,nani_guard_tex.png,
ControllerSwitchAddon,ControllerSwitchAddon,,5,,,,,,,TID_SWITCH_PEEP,,,,,nani_switch_tex.png,nani_switch_tex.png,nani_switch_tex.png,nani_switch_tex.png,
DeadMariachiZtarr,PocoStarrNoFace,7,5,,,,,,,TID_ZTARR_POCO,ZTARR POCO,,Roy,,poco_ztarr_tex.png,poco_ztarr_tex.png,poco_ztarr_tex.png,poco_ztarr_tex.png,
DeadMariachiMintChoco,DeadMariachiNoFace,7,5,,,,,,,TID_CHOCO_POCO,MINTCHOCO POCO,,SKM1234,,poco_mintchoco_tex.png,poco_mintchoco_tex.png,poco_mintchoco_tex.png,poco_mintchoco_tex.png,
DeadMariachiSurfer,DeadMariachiNoFace,7,5,,,,,,,TID_SURFER_POCO,SURFER POCO,,Zap,,poco_surf_tex.png,poco_surf_tex.png,poco_surf_tex.png,poco_surf_tex.png,
DrillerNurse,DrillerDefault,7,5,,,,,,,TID_NURSE_JACKY,NURSE JACKY,,Bea,,jacky_nurse_tex.png,jacky_nurse_tex.png,jacky_nurse_tex.png,jacky_nurse_tex.png,
DrillerLadybug,DrillerLadybug,7,5,,,,,,,TID_LADYBUG_JACKY,LADYBUG JACKY,,Eremy X,,jacky_ladybug_tex.png,jacky_ladybug_tex.png,jacky_ladybug_tex.png,jacky_ladybug_tex.png,
FireDudeMonster,FireDudeMonster,7,5,,,,,,,TID_AMBER_MONSTER,PARANORMAL AMBER,,Roy,,amber_monster_tex.png,amber_monster_tex.png,amber_monster_tex.png,amber_monster_tex.png,
FireDudeNuclear,FireDudeNuclear,7,5,,,,,,,TID_NUCLEAR_AMBER,TID_NUCLEAR_AMBER,,Plort,,amber_nuclear_tex.png,amber_nuclear_tex.png,amber_nuclear_tex.png,amber_nuclear_tex.png,
GunslingerPirateGhost,GunslingerPirateNoFace,7,5,,,,,,,TID_HOLANDEZ_COLT,HOLANDEZ COLT,,Roy,,colt_holandez_tex.png,colt_holandez_tex.png,colt_holandez_tex.png,colt_holandez_tex.png,
GunSlingerRogue,GunSlingerRogue,7,5,,,,,,,TID_ROGUE_COLT,ROGUE COLT,,Roy & CbrawlC_Tr,,colt_rogue_tex.png,colt_rogue_tex.png,colt_rogue_tex.png,colt_rogue_tex.png,
GunSlingerLucien,GunSlingerLucien,7,5,,,,,,,TID_LUCIEN_COLT,LUCIEN COLT,,Plort,,colt_lucien_tex.png,colt_lucien_tex.png,colt_lucien_tex.png,colt_lucien_tex.png,
GunSlingerCLB,GunSlingerPlayer,7,5,,,,,,,TID_CLB_COLT,CLB COLT,,Roy,,colt_clb_tex.png,colt_clb_tex.png,colt_clb_tex.png,colt_clb_tex.png,
GunSlingerOLD,GunSlingerOLD,,5,,,,,,,TID_OLD_COLT,TID_OLD_COLT,,Zap,,colt_old_tex.png,colt_old_tex.png,colt_old_tex.png,colt_old_tex.png,
HammerDudeNotCarl,FrankNotCarl,7,5,,,,,,,TID_IAMNOT_FRANK,I AM NOT FRANK,,Scw Make,max_geo.scw,frank_carl_tex.png,frank_carl_tex.png,frank_carl_tex.png,frank_carl_tex.png,
HammerDudeZombie,HammerDudeZombie,7,5,,,,,,,TID_ZOMBIE_FRANK,GARGANTUAR FRANK,,Sceptile380,surge_rocket_mat.scw,frank_gargantuar_tex.png,frank_gargantuar_tex.png,frank_gargantuar_tex.png,frank_gargantuar_tex.png,
HookMask,HookMask,7,5,,,,,,,TID_MASKED_GENE,MASK GENE,,Sceptile380,,gene_mask_tex.png,gene_mask_tex.png,gene_mask_tex.png,gene_mask_tex.png,
HookHellhound,HookHellhound,7,5,,,,,,,TID_HELL_GENE,HELLHOUND GENE,,Sceptile380,,gene_hellhound_tex.png,gene_hellhound_tex.png,gene_hellhound_tex.png,gene_hellhound_tex.png,
HookVR,HookVR,7,5,,,,,,,TID_GENE_VR,VR GENE,,Roy,,gene_vr_tex.png,gene_vr_tex.png,gene_vr_tex.png,gene_vr_tex.png,
HookJevil,HookJevil,3,5,,,,,,,TID_JEVIL_GENE,TID_JEVIL_GENE,,Sceptile380,max_geo.scw,gene_jevil_tex.png,gene_jevil_tex.png,gene_jevil_tex.png,gene_jevil_tex.png,
LuchadorBrownEvil,LuchadorBrown,7,5,,,,,,,TID_EL_BRUDO,EL BRUDO,,Roy,,primo_br_tex.png,primo_br_tex.png,primo_br_tex.png,primo_br_tex.png,
LuchadorCineroar,LuchadorCineroar,7,5,,,,,,,TID_EL_CINEROAR,EL CINEROAR,,Sceptile380,,el_cineroar_tex.png,el_cineroar_tex.png,el_cineroar_tex.png,el_cineroar_tex.png,
LuchadorGladiator,LuchadorGladiator,7,5,,,,,,,TID_GLADIATOR_PRIMO,GLADIATOR PRIMO,,LEADER,max_geo.scw,primo_gladiator_tex.png,primo_gladiator_tex.png,primo_gladiator_tex.png,primo_gladiator_tex.png,
LuchadorMasked,LuchadorMasked,7,5,,,,,,,TID_MASKED_PRIMO,MASKED PRIMO,,Plort,,,,,,
LuchadorPekka,LuchadorPekka,7,5,,,,,,,TID_PRIMO_PEKKA,P.R.I.M.O,,Dark King,,primo_pekka_tex.png,primo_pekka_tex.png,primo_pekka_tex.png,primo_pekka_tex.png,
LuchadorOLD,LuchadorOLD,,5,,,,,,,TID_OLD_ELPRIMO,TID_OLD_ELPRIMO,,Zap,,primo_old_tex.png,primo_old_tex.png,primo_old_tex.png,primo_old_tex.png,
MummyLny,MummyLny,7,5,,,,,,,TID_LNY_EMZ,LNY EMZ,,Plort,,emz_lny_tex.png,emz_lny_tex.png,emz_lny_tex.png,emz_lny_tex.png,
MummyElectric,MummyElectric,7,5,,,,,,,TID_PVZ_EMZ,TID_PVZ_EMZ,,Sceptile380,emz_electro_mat.scw,emz_electro_tex.png,emz_electro_tex.png,emz_electro_tex.png,emz_electro_tex.png,
MechanicBlueTanuki,MechanicBlueTanuki,7,5,,MechanicTurretBlueTanuki,,,,,TID_BLUEBERRY_TANUKI_JESSIE,BLUEBERRY TANUKI JESSIE,,Roy,,jessie_btanuki_tex.png,jessie_btanuki_tex.png,jessie_btanuki_tex.png,jessie_btanuki_tex.png,
MechanicTurretBlueTanuki,MechanicTurretTanuki,,5,,,,,,,TID_BTANUKI_TURRET,,,,,turret_btanuki_tex.png,turret_btanuki_tex.png,turret_btanuki_tex.png,turret_btanuki_tex.png,
MinigunDudeLever,MinigunDudeLever,7,5,,HealstationDefault,,,,,TID_LEVER_PAM,LEVER PAM,,Roy,,,,,,
MinigunDudeMecha,MinigunDudeMecha,7,5,,HealstationMecha,,,,,TID_MECHA_PAM,M3CH4 P4M,,Roy,,,,,,
HealstationMecha,HealstationDefault,,5,,,,,,,,,,,,pam_mecha_turret_tex.png,pam_mecha_turret_tex.png,pam_mecha_turret_tex.png,pam_mecha_turret_tex.png,
NinjaStreetWear,NinjaStreetWear,7,5,,,,,,,TID_STREET_LEON,STREETWEAR LEON,,Plort,,leon_street_tex.png,leon_street_tex.png,leon_street_tex.png,leon_street_tex.png,
NinjaPancake,NinjaDefault,7,5,,,,,,,TID_PANCAKE_LEON,PANCAKE LEON,,SKM1234,,leon_pancake_tex.png,leon_pancake_tex.png,leon_pancake_tex.png,leon_pancake_tex.png,
NinjaFoxy,NinjaFoxy,7,5,,,,,,,TID_FOXY_LEON,FOXY LEON,,Sceptile380,sprout_geo.scw,leon_foxy_tex.png,leon_foxy_tex.png,leon_foxy_tex.png,leon_foxy_tex.png,
PowerLevelerEscavalier,PowerLevelerEscavalier,7,5,,,,,,,TID_POKEMON_SURGE,ESCAVALIER SURGE,,Sceptile380,silver_materials.scw,surge_cavaliere_tex.png,surge_cavaliere_tex.png,surge_cavaliere_tex.png,surge_cavaliere_tex.png,
PowerLevelerPumpkin,PowerLevelerDefault,7,5,,,,,,,TID_PUMPKIN_SURGE,PUMPKIN SURGE,,Zap,,surge_pumpkin_tex.png,surge_pumpkin_tex.png,surge_pumpkin_tex.png,surge_pumpkin_tex.png,
PowerLevelerRocket,PowerLevelerRocket,7,5,,,,,,,TID_ROCKET_SURGE,TID_ROCKET_SURGE,,Sceptile380,surge_rocket_mat.scw,surge_rocket_tex.png,surge_rocket_tex.png,surge_rocket_tex.png,surge_rocket_tex.png,
PercenterRose,PercenterRose,7,5,,,,,,,TID_ROSE_COLETTE,ROSALINA COLETTE,,Sceptile380,,colette_rose_tex.png,colette_rose_tex.png,colette_rose_tex.png,colette_rose_tex.png,
PercenterWarrior,PercenterWarrior,7,5,,,,,,,TID_WARRIOR_COLETTE,GLADIATRIX COLETTE,,Sceptile380,max_geo.scw,colette_warrior_tex.png,colette_warrior_tex.png,colette_warrior_tex.png,colette_warrior_tex.png,
PercenterAngel,PercenterAngel,7,5,,,,,,,TID_ANGEL_COLETTE,TID_ANGEL_COLETTE,,xXCoolBoyXx,,colette_angel_tex.png,colette_angel_tex.png,colette_angel_tex.png,colette_angel_tex.png,
RocketGirlRangerVirus,RocketGirlRanger,7,5,,,,,,,TID_SV_BROCK,SUPER VIRUS BROCK,,Roy,,brock_ranger_virus_tex.png,brock_ranger_virus_tex.png,brock_ranger_virus_tex.png,brock_ranger_virus_tex.png,
RocketGirlSerious,RocketGirlSerious,7,5,,,,,,,TID_SERIOUS_BROCK,SERIOUS BROCK,,Sceptile380 & KNG YT,,brock_serious_tex.png,brock_serious_tex.png,brock_serious_tex.png,brock_serious_tex.png,
RocketGirlRicochet,RocketGirlX,7,5,,,,,,,TID_BROCK_AS_RICO,BROCKCHET,,Roy,,brock_rico_tex.png,brock_rico_tex.png,brock_rico_tex.png,brock_rico_tex.png,
RocketGirlOLD,RocketGirlOLD,,5,,,,,,,TID_OLD_BROCK,TID_OLD_BROCK,,Zap,,brock_old_tex.png,brock_old_tex.png,brock_old_tex.png,brock_old_tex.png,
RosaCosm,RosaCosm,7,5,,,,,,,TID_COSMOS_ROSA,COSMOS ROSA,,Roy,,,,,,
RosaChomper,RosaChomper,11,5,,,,,,,TID_CHOMP_ROSA,CHOMPER ROSA,,Sceptile380,,,,,,
SpeedyLightning,SpeedyDefault,7,5,,,,,,,TID_LIGHTNING_MAX,LIGHTNING MAX,,Zap,,max_lightning_tex.png,max_lightning_tex.png,max_lightning_tex.png,max_lightning_tex.png,
SpeedyArcade,SpeedyDefault,7,5,,,,,,,TID_ARCADE_MAX,ARCADE MAX,,FancyComet,,max_arcade_tex.png,max_arcade_tex.png,max_arcade_tex.png,max_arcade_tex.png,
SpeedyMs,SpeedyDefault,7,5,,,,,,,TID_MAGMA_MAX ,MAGMA MAX ,MODEL,Dark King,,max_ms_tex.png,max_ms_tex.png,max_ms_tex.png,max_ms_tex.png,
SpeedyTracksuitCorrupt,SpeedyTracksuitNoFace,7,5,,,,,,,TID_CORRUPTED_MAX,CORRUPTED MAX,,KING,,max_cstreetwear_tex.png,max_cstreetwear_tex.png,max_cstreetwear_tex.png,max_cstreetwear_tex.png,
SniperGloomy,SniperValentines,7,5,,,,,,,TID_GLOOMY_PIPER,GLOOMY PIPER,,KING,,piper_kizz_simp.png,piper_kizz_simp.png,piper_kizz_simp.png,piper_kizz_simp.png,
SniperSleepy,SniperDefault,7,5,,,,,,,TID_SLEEPY_PIPER,SLEEPY PIPER,,Plort,,piper_sleepy_tex.png,piper_sleepy_tex.png,piper_sleepy_tex.png,piper_sleepy_tex.png,
SniperLilligant,SniperLilligant,7,5,,,,,,,TID_LILLIGANT_PIPER,LILLIGANT PIPER,,Sceptile380,,piper_lilligant_tex.png,piper_lilligant_tex.png,piper_lilligant_tex.png,piper_lilligant_tex.png,
SniperBandita,SniperBandita,7,5,,,,,,,TID_BANDITA_PIPER,BANDITA PIPER,,Zap,,piper_bandita_tex.png,piper_bandita_tex.png,piper_bandita_tex.png,piper_bandita_tex.png,
SniperSnowcone,SniperSnowcone,7,5,,,,,,,TID_SNOW_PIPER,SNOWCONE PIPER,,Zap,,piper_snowcone_tex.png,piper_snowcone_tex.png,piper_snowcone_tex.png,piper_snowcone_tex.png,
SniperManager,SniperManager,7,5,,,,,,,TID_MANAGER_PIPER,COMMUNITY MANAGER PIPER,,Molyan,,piper_manager_tex.png,piper_manager_tex.png,piper_manager_tex.png,piper_manager_tex.png,
SandstormSpace,SandstormDefault,7,5,,,,,,,TID_SPACE_SANDY,SPACE SANDY,,KING,,sandy_space_tex.png,sandy_space_tex.png,sandy_space_tex.png,sandy_space_tex.png,
ShamanRobo,ShamanRobo,7,5,,ShamanBearDefaultRobo,,,,,TID_RR_NITA,RUMBLE NITA,,Roy,,nita_rr_tex.png,nita_rr_tex.png,nita_rr_tex.png,nita_rr_tex.png,
ShamanBearDefaultRobo,ShamanBearDefaultRobo,,5,,,,,,,TID_RR_BRUCE,,,,,meleebot_tex.pvr,meleebot_tex.pvr,meleebot_tex.pvr,meleebot_tex.pvr,
ShamanKitty,ShamanKitty,7,5,,ShamanBearKitty,,,,,TID_KITTY_NITA,KITTY NITA,,Jaky ,,nita_kitty_tex.png,nita_kitty_tex.png,nita_kitty_tex.png,nita_kitty_tex.png,
ShamanBearKitty,ShamanBearDefault,,5,,,,,,,TID_KITTY_BRUCE,,,,,nita_bear_kitty_tex.png,nita_bear_kitty_tex.png,nita_bear_kitty_tex.png,nita_bear_kitty_tex.png,
ShamanLobster,ShamanLobster,7,5,,ShamanBearLobster,,,,,TID_LOBSTER_NITA,LOBSTER NITA,,Sceptile380,,nita_lobster_tex.png,nita_lobster_tex.png,nita_lobster_tex.png,nita_lobster_tex.png,
ShamanBearLobster,ShamanBearLobster,,5,,,,,,,TID_LOBSTER_BRUCE,,,,,nita_bear_lobster_tex.png,nita_bear_lobster_tex.png,nita_bear_lobster_tex.png,nita_bear_lobster_tex.png,
SpawnerDudeEiscue,SpawnerDudeDefault,7,5,,SpawnerDudeTurretDefault,SpawnerPetDefault,,,,TID_MRP_EISCUE,MR. EISCUE,,Sceptile380,,mr_eiscue_tex.png,mr_eiscue_tex.png,mr_eiscue_tex.png,mr_eiscue_tex.png,
SpawnerDudeGamer,SpawnerDudeGamer,7,5,,SpawnerDudeTurretDefault,SpawnerPetDefault,,,,TID_MRP_GAMER,GAMER P,,Klipi29,,mrp_gamer_tex.png,mrp_gamer_tex.png,mrp_gamer_tex.png,mrp_gamer_tex.png,
TrickshotPathfinder,TrickshotPathfinder,7,5,,,,,,,TID_FINDER_RICO,PATHFINDER RICO,,Sceptile380,silver_materials.scw,rico_pathfinder_tex.png,rico_pathfinder_tex.png,rico_pathfinder_tex.png,rico_pathfinder_tex.png,
TrickshotBrock,TrickshotDudeTotal,7,5,,,,,,,TID_RICO_AS_BROCK,RICKROCKY,,Roy,,rico_brock_tex.png,rico_brock_tex.png,rico_brock_tex.png,rico_brock_tex.png,
TrickshotDudeZTARR,TrickshotDudeZTARR,7,5,,,,,,,TID_ZTARR_RICO,ZTARR RICO,,Roy,,rico_ztarr_tex.png,rico_ztarr_tex.png,rico_ztarr_tex.png,rico_ztarr_tex.png,
TrickshotRetro,TrickshotDefault,7,5,,,,,,,TID_RETRO-J0R_RICO,RETRO-J0R RICO,,Roy,,rico_retro_tex.png,rico_retro_tex.png,rico_retro_tex.png,rico_retro_tex.png,
TrickshotHero,TrickshotHero,7,5,,,,,,,TID_HERO_RICO,TID_HERO_RICO,,Sceptile380,max_geo.scw,rico_hero_tex.png,rico_hero_tex.png,rico_hero_tex.png,rico_hero_tex.png,
TntGuyLatch,TntDudeFootballNoFace,7,5,,,,,,,TID_LATCH_MIKE,LATCH MIKE,,Roy,,dynamike_latch_tex.png,dynamike_latch_tex.png,dynamike_latch_tex.png,dynamike_latch_tex.png,
TntGuyPoisonFan,TntDudeFootballNoFace,7,5,,,,,,,TID_PF_MIKE,POISON FAN MIKE,,Mynameisadocument,,dynamike_pf_tex.png,dynamike_pf_tex.png,dynamike_pf_tex.png,dynamike_pf_tex.png,
TntGuyCrazy,TntGuyCrazy,7,5,,,,,,,TID_SCIENCE_MIKE,CRAZY MIKE,,LEADER,max_geo.scw,dynamike_crazy_tex.png,dynamike_crazy_tex.png,dynamike_crazy_tex.png,dynamike_crazy_tex.png,
UndertakerCLB,UndertakerCLB,7,5,,,,,,,TID_CLB_MORTIS,CLB MORTIS,,Roy,,mortis_clb_tex.png,mortis_clb_tex.png,mortis_clb_tex.png,mortis_clb_tex.png,
UndertakerBandit,UndertakerBandit,7,5,,,,,,,TID_BANDIT_MORTIS,BANDIT MORTIS,,Plort,,mortis_bandit_tex.png,mortis_bandit_tex.png,mortis_bandit_tex.png,mortis_bandit_tex.png,
UndertakerTime,UndertakerTime,7,5,,,,,,,TID_TIMEKEEPER_MORTIS,TIMEKEEPER MORTIS,,Sceptile380,max_geo.scw,mortis_timekeeper_tex.png,mortis_timekeeper_tex.png,mortis_timekeeper_tex.png,mortis_timekeeper_tex.png,
UndertakerOLD,UndertakerOLD,,5,,,,,,,TID_OLD_MORTIS,TID_OLD_MORTIS,,Zap,,mortis_old_tex.png,mortis_old_tex.png,mortis_old_tex.png,mortis_old_tex.png,
WallyDumpling,WallyDumpling,2,5,,,,,,,TID_DUMPLING_SPROUT,DUMPLING SPROUT,,Sceptile380,,sprout_dumpling_tex.png,sprout_dumpling_tex.png,sprout_dumpling_tex.png,sprout_dumpling_tex.png,
WallyMonster,WallyDefault,7,5,,,,,,,TID_MONSTER_SPROUT,MONSTER SPROUT,,Plort,,sprout_plort_tex.png,sprout_plort_tex.png,sprout_plort_tex.png,sprout_plort_tex.png,
WallyMushry,WallyMushry,7,5,,,,,,,TID_MUSHROOM_SPROUT,MUSHRY SPROUT,,Sceptile380 & Mushry,max_geo.scw,"sprout_mushry_tex.png+value(masks/sprout/sprout_glass_msk.png,1.000000)+hue(masks/sprout/sprout_glass_msk.png,347.441986)","sprout_mushry_tex.png+value(masks/sprout/sprout_glass_msk.png,1.000000)+hue(masks/sprout/sprout_glass_msk.png,347.441986)","sprout_mushry_tex.png+value(masks/sprout/sprout_glass_msk.png,1.000000)+hue(masks/sprout/sprout_glass_msk.png,347.441986)","sprout_mushry_tex.png+value(masks/sprout/sprout_glass_msk.png,1.000000)+hue(masks/sprout/sprout_glass_msk.png,347.441986)",
Wally1Year,Wally1Year,10,5,,,,,,,TID_1YEAR_SPROUT,TID_1YEAR_SPROUT,,Sceptile380,max_geo.scw,sprout_cake_mb1y_tex.png,sprout_cake_mb1y_tex.png,sprout_cake_mb1y_tex.png,sprout_cake_mb1y_tex.png,
WhirlwindWorker,WhirlwindWorker,7,5,,,,,,,TID_WORK_CARL,WORKER CARL,,Roy,,carl_worker_tex.png,carl_worker_tex.png,carl_worker_tex.png,carl_worker_tex.png,
WhirlwindFreddy,WhirlwindFreddy,7,5,,,,,,,TID_SPOOPY_CARL,FREDDY CARL,,Sceptile380,,carl_freddy_tex.png,carl_freddy_tex.png,carl_freddy_tex.png,carl_freddy_tex.png,
WhirlwindDriller,WhirlwindDriller,7,5,,,,,,,TID_SDRILLER_CARL,SUPER DRILLER CARL,,Molyan,,carl_driller_tex.png,carl_driller_tex.png,carl_driller_tex.png,carl_driller_tex.png,
EnragerDefault,EnragerDefault,,,,,,,,,,,,,,edgar_tex.png,edgar_tex.png,edgar_tex.png,edgar_tex.png,
IceDudeDefault,IceDudeDefault,,,,,,,,,,,,,,lou_tex.png,lou_tex.png,lou_tex.png,lou_tex.png,
IceDudeKing,IceDudeKing,11,5,,,,,,,TID_KING_LOU,KING LOU,,SUPERCELL,,lou_king_tex.png,lou_king_tex.png,lou_king_tex.png,lou_king_tex.png,
IceDudeCrooner,IceDudeCrooner,,5,,,,,,,TID_SMOOTH_LOU,SMOOTH LOU,,,,lou_crooner_tex.png,lou_crooner_tex.png,lou_crooner_tex.png,lou_crooner_tex.png,
IceDudeBurger,IceDudeBurger,,5,,,,,,,TID_BURGER_LOU,BURGER LOU,,,,lou_burger_tex.png,lou_burger_tex.png,lou_burger_tex.png,lou_burger_tex.png,
IceDudeKrusty,IceDudeKrusty,7,5,,,,,,,TID_KRUSTY_LOU,KRUSTY LOU,,Sceptile380,max_geo.scw,lou_krusty_tex.png,lou_krusty_tex.png,lou_krusty_tex.png,lou_krusty_tex.png,
IceDudeJuicy,IceDudeJuicy,7,5,,,,,,,TID_JUICY_LOU,JUICY LOU,,Sceptile380,max_geo.scw,lou_juicy_tex.png,lou_juicy_tex.png,lou_juicy_tex.png,lou_juicy_tex.png,
RuffsDefault,RuffsDefault,,,,,,,,,,,,,,ruffs_tex.png,ruffs_tex.png,ruffs_tex.png,ruffs_tex.png,
RuffsRonin,RuffsRonin,11,5,,,,,,,TID_RONIN_RUFFS,RONIN RUFFS,,SUPERCELL,,ruffs_ronin_tex.png,ruffs_ronin_tex.png,ruffs_ronin_tex.png,ruffs_ronin_tex.png,
RuffsMarshall,RuffsMarshall,,5,,,,,,,TID_MARSHAL_RUFFS,MARSHALL RUFFS,,,,ruffs_marshal_tex.png,ruffs_marshal_tex.png,ruffs_marshal_tex.png,ruffs_marshal_tex.png,
RuffsCerber,RuffsCerber,7,5,,,,,,,TID_CERBER_RUFFS,CERBERUFFS,,Sceptile380,,ruffs_cerber_tex.png,ruffs_cerber_tex.png,ruffs_cerber_tex.png,ruffs_cerber_tex.png,
RuffsCoverDefault,RuffsCoverDefault,,,,,,,,,,,,,,,,,,
RollerDefault,RollerDefault,,,,,,,,,,,,Ported By xXCoolBoyXx,,stu_tex.png,stu_tex.png,stu_tex.png,stu_tex.png,
RollerWhite,RollerWhite,,5,,,,,,,TID_SUPERSTAR_STU_SKIN,SUPERSTAR STU,,Ported By xXCoolBoyXx,,stu_white_tex.png,stu_white_tex.png,stu_white_tex.png,stu_white_tex.png,
RollerPunk,RollerPunk,,5,,,,,,,TID_PUNK_STU_SKIN,WICKED STU,,Ported By xXCoolBoyXx,,stu_punk_tex.png,stu_punk_tex.png,stu_punk_tex.png,stu_punk_tex.png,
RollerMovie,RollerMovie,7,5,,,,,,,TID_MOVIE_STU,TID_MOVIE_STU,,Sceptile380,max_geo.scw,stu_movie_tex.png,stu_movie_tex.png,stu_movie_tex.png,stu_movie_tex.png,
RollerClassic,RollerDefault,7,5,,,,,,,TID_CLASSIC_STU,TID_CLASSIC_STU,,Mynameisadocument,,stu_classic_tex.png,stu_classic_tex.png,stu_classic_tex.png,stu_classic_tex.png,
RollerPrince,RollerPrince,7,5,,,,,,,TID_PRINCE_STU,TID_PRINCE_STU,,Wendro,surge_rocket_mat.scw,stu_prince_tex.png,stu_prince_tex.png,stu_prince_tex.png,stu_prince_tex.png,
SpeedBoosterDefault,SpeedBoosterDefault,,,,,,,,,,,,Ported By xXCoolBoyXx,,stu_tex.png,stu_tex.png,stu_tex.png,stu_tex.png,
KnightDefault,KnightDefault,,,,KnightPetDefault,,,,,,,,,,ash_tex.png,ash_tex.png,ash_tex.png,ash_tex.png,
KnightNinja,KnightNinja,11,5,,KnightPetNinja,,,,,TID_NINJA_ASH,NINJA ASH,,SUPERCELL,,ash_ninja_tex.png,ash_ninja_tex.png,ash_ninja_tex.png,ash_ninja_tex.png,
KnightPaint,KnightPaint,7,5,,KnightPetDefault,,,,,TID_AKIDFUCKINGDREWON_ASH,TID_AKIDFUCKINGDREWON_ASH,,Pekkaze,,ash_paint_tex.png,ash_paint_tex.png,ash_paint_tex.png,ash_paint_tex.png,
KnightPizza,KnightPizza,7,5,,KnightPetPizza,,,,,TID_FURNACE_ASH,TID_FURNACE_ASH,,Sceptile380,max_geo.scw,ash_pizza_tex.png,ash_pizza_tex.png,ash_pizza_tex.png,ash_pizza_tex.png,
KnightPetDefault,KnightPetDefault,,,,,,,,,,,,,ash_pet_geo.glb,ash_tex.png,ash_tex.png,ash_tex.png,ash_tex.png,
KnightPetNinja,KnightPetNinja,,,,,,,,,,,,,ash_ninja_pet_geo.glb,ash_ninja_tex.png,ash_ninja_tex.png,ash_ninja_tex.png,ash_ninja_tex.png,
KnightPetPizza,KnightPetPizza,,,,,,,,,,,,,max_geo.scw,ash_pizza_pet_tex.png,ash_pizza_pet_tex.png,ash_pizza_pet_tex.png,ash_pizza_pet_tex.png,
SnakeOilDefault,SnakeOilDefault,,,,,,,,,,,,,,byron_tex.png,byron_tex.png,byron_tex.png,byron_tex.png,
RopeDudeDefault,RopeDudeDefault,,,,,,,,,,,,,,buzz_tex.png,buzz_tex.png,buzz_tex.png,buzz_tex.png,
RopeDudePunk,RopeDudePunk,11,5,,,,,,,TID_PUNK_BUZZ,TID_PUNK_BUZZ,,SUPERCELL,,buzz_punk_tex.png,buzz_punk_tex.png,buzz_punk_tex.png,buzz_punk_tex.png,
MechaDudeDefault,MechaDudeDefault,,,,MechaDudeBigDefault,,,,,,,,Ported By xXCoolBoyXx,,meg_tex.png,meg_tex.png,meg_tex.png,meg_tex.png,
MechaDudeBigDefault,MechaDudeBigDefault,,,,,,,,,,,,,,meg_mecha_tex.png,meg_mecha_tex.png,meg_mecha_tex.png,meg_mecha_tex.png,
MechaDudeDefaultAddon,MechaDudeDefaultAddon,,,,,,,,,,,,,,,,,,
CrossBomberDefault,CrossBomberDefault,,,,,,,,,,,,Ported By Boyarski,,grom_tex.png,grom_tex.png,grom_tex.png,grom_tex.png,
StickyBombDefault,StickyBombDefault,,5,,,,,,,,,,,squeak_geo.glb,squeak_tex.png,squeak_tex.png,squeak_tex.png,squeak_tex.png,
DuplicatorDefault,DuplicatorDefault,,,,,,,,,,,,,,lolla_tex.png,lolla_tex.png,lolla_tex.png,lolla_tex.png,
DuplicatorChola,DuplicatorChola,11,5,,DuplicatorCholaPet,,,149,,TID_CHOLA,TID_CHOLA,"MODEL,TEXTURE,ANIM,VFX",Model + Animations fixed by Milan#5882,,lolla_chola_tex.png,lolla_chola_tex.png,lolla_chola_tex.png,lolla_chola_tex.png,
DuplicatorVillain,DuplicatorVillain,,5,,DuplicatorPetStarrForce,,,149,,TID_STARR_FOFCE_VILLAIN_LOLA,TID_STARR_FOFCE_VILLAIN_LOLA,"MODEL,TEXTURE,ANIM,VFX",Model + Animations fixed by Milan#5882,,lolla_starrforce_villain_tex.png,lolla_starrforce_villain_tex.png,lolla_starrforce_villain_tex.png,lolla_starrforce_villain_tex.png,
DuplicatorStarr,DuplicatorStarr,7,5,,DuplicatorStarrPet,,,79,,TID_LOLA_STARR,TID_LOLA_STARR,"MODEL,TEXTURE",KAR KARL STUDIO,max_geo.scw,lolla_starr_tex.png,lolla_starr_tex.png,lolla_starr_tex.png,lolla_starr_tex.png,
DuplicatorCholaPet,DuplicatorCholaPet,,,,,,,,,,,,,,lolla_chola_tex.png,lolla_chola_tex.png,lolla_chola_tex.png,lolla_chola_tex.png,
DuplicatorStarrPet,DuplicatorStarrPet,,,,,,,,,,,,,,lolla_starr_tex.png,lolla_starr_tex.png,lolla_starr_tex.png,lolla_starr_tex.png,
DuplicatorPetStarrForce,DuplicatorPetStarrForce,,,,,,,,,,,,,,lolla_starrforce_villain_tex.png,lolla_starrforce_villain_tex.png,lolla_starrforce_villain_tex.png,lolla_starrforce_villain_tex.png,
KickerDudeDefault,KickerDudeDefault,,,,,,,,,,,,,,fang_tex.png,fang_tex.png,fang_tex.png,fang_tex.png,
KickerDudeFireball,KickerDudeFireball,11,5,,,,,,,TID_FURIOUS_FANG,TID_FURIOUS_FANG,,SUPERCELL,,fang_fireball_tex.png,fang_fireball_tex.png,fang_fireball_tex.png,fang_fireball_tex.png,
GromStationDefault,GromStationDefault,,,,,,,,,,,,,,8bit_tex.png,"8bit_tex.png+hue(masks/8bit/8bit_msk.png,138.000000)+saturation(masks/8bit/8bit_msk.png,3.000000)+hue(masks/8bit/8bit_light_msk.png,146.000000)",8bit_tex.png,"8bit_tex.png+hue(masks/8bit/8bit_msk.png,138.000000)+saturation(masks/8bit/8bit_msk.png,3.000000)+hue(masks/8bit/8bit_light_msk.png,146.000000)",
CannonGirlDefault,CannonGirlDefault,,,,CannonGirlSmallDefault,,,,,TID_CLYDE,TID_CLYDE,,Model + Animations fixed by Milan#5882,,bonnie_tex.png,bonnie_tex.png,bonnie_tex.png,bonnie_tex.png,
CannonGirlSmallDefault,CannonGirlSmallDefault,,,,CannonGirlDefault,,,,,,,,Model + Animations fixed by Milan#5882,max_geo.scw,bonnie_tex.png,bonnie_tex.png,bonnie_tex.png,bonnie_tex.png,
CannonGirlVillain,CannonGirlVillain,,,,CannonGirlSmallVillain,,,,,TID_CLYDE_EMPRESS,TID_CLYDE_EMPRESS,,Model + Animations fixed by Spectile,,bonnie_villain_tex.png,bonnie_villain_tex.png,bonnie_villain_tex.png,bonnie_villain_tex.png,
CannonGirlSmallVillain,CannonGirlSmallVillain,,,,CannonGirlVillain,,,,,,,,Model + Animations fixed by Milan#5882,,bonnie_villain_tex.png,bonnie_villain_tex.png,bonnie_villain_tex.png,bonnie_villain_tex.png,
JetpackGirlDefault,JetpackGirlDefault,,,,,,,,,,,,Model + Animations fixed by Spectile,max_geo.scw,janet_tex.png,janet_tex.png,janet_tex.png,janet_tex.png,
JetpackGirlDamageTowerDefault,JetpackGirlDamageTowerDefault,,,,,,,,,,,,Model + Animations fixed by Spectile,max_geo.scw,janet_tex.png,janet_tex.png,janet_tex.png,janet_tex.png,
JetpackGirlValkyrie,JetpackGirlValkyrie,11,5,,,,,,,TID_JETPACK_GIRL_VALKYRIE,TID_JETPACK_GIRL_VALKYRIE,,SUPERCELL,max_geo.scw,janet_valkyrie_tex.png,janet_valkyrie_tex.png,janet_valkyrie_tex.png,janet_valkyrie_tex.png,
FleaDefault,FleaDefault,,,,,,,,,,,,,max_geo.scw,eve_tex.png,eve_tex.png,eve_tex.png,eve_tex.png,
FleaPetDefault,FleaPetDefault,,,,,,,,,,,,,,eve_tex.png,eve_tex.png,eve_tex.png,eve_tex.png,
FleaBigEggDefault,FleaBigEggDefault,,,,,,,,,,,,,,eve_tex.png,eve_tex.png,eve_tex.png,eve_tex.png,
SilencerDefault,SilencerDefault,,,,,,,,,,,,,max_geo.scw,otis_tex.png,otis_tex.png,otis_tex.png,otis_tex.png,
SilencerPharaoh,SilencerPharaoh,11,,,,,,,,PHARAOTIS,PHARAOTIS,,,max_geo.scw,otis_phara_tex.png,otis_phara_tex.png,otis_phara_tex.png,otis_phara_tex.png,
ElectroSniperDefault,ElectroSniperDefault,,,,,,,,,,,,,,piper_tex.png,piper_tex.png,piper_tex.png,piper_tex.png,
RangedBotDefault,RangedBotDefault,,,,,,,,,,,,,,rangedbot_tex.pvr,rangedbot_tex.pvr,rangedbot_tex.pvr,rangedbot_tex.pvr,
MeleeFastBotDefault,MeleeFastBotDefault,,,,,,,,,,,,,,fastmeleebot_tex.pvr,fastmeleebot_tex.pvr,fastmeleebot_tex.pvr,fastmeleebot_tex.pvr,
MeleeBotDefault,MeleeBotDefault,,,,,,,,,,,,,,meleebot_tex.pvr,meleebot_tex.pvr,meleebot_tex.pvr,meleebot_tex.pvr,
BossBotDefault,BossBotDefault,,,,,,,,,,,,,,bossbot_tex.pvr,bossbot_tex.pvr,bossbot_tex.pvr,bossbot_tex.pvr,
BigBotDefault,BigBotDefault,,,,,,,,,,,,,,meleebot_tex.pvr,meleebot_tex.pvr,meleebot_tex.pvr,meleebot_tex.pvr,
BossRaceBossDefault,BossRaceBossDefault,,,,,,,,,,,,,,bossbot_tex.pvr,bossbot_tex.pvr,bossbot_tex.pvr,bossbot_tex.pvr,
BossKaijuDefault,BossKaijuDefault,,,,,,,,,,,,,,kaiju_boss_tex.pvr,kaiju_boss_tex.pvr,kaiju_boss_tex.pvr,kaiju_boss_tex.pvr,
LootBox,LootBox,,,,,,,,,,,,,,,,,,
LootBoxMoonFestival,LootBoxMoonFestival,,,,,,,,,,,,,,,,,,
LootBoxAnniversary,LootBoxAnniversary,,,,,,,,,,,,,,,,,,
TntBox,TntBox,,,,,,,,,,,,,,,,,,
RoboWarsBox,RoboWarsBox,,,,,,,,,,,,,,,,,,
BallDefault,BallDefault,,,,,,,,,,,,,,,,,,
BallBeach,BallBeach,,,,,,,,,,,,,,,,,,
BallArena,BallArena,,,,,,,,,,,,,,,,,,
BallArenaPSG,BallArenaPSG,,,,,,,,,,,,,,,,,,
Safe,Safe,,,,,,,,,,,,,,,,,,
SafeBank,SafeBank,,,,,,,,,,,,,,,,,,
CtfGift,CtfGift,,,,,,,,,,,,,,item_present_blue.pvr,item_present_red.pvr,,,
RoboWarsBaseDefault,RoboWarsBaseDefault,,,,,,,,,,,,,,siege_base.pvr,siege_base_red.pvr,,,
MineCart,MineCart,,,,,,,,,,,,,,,,,,
MineCartB,MineCartB,,,,,,,,,,,,,,,,,,
MineCartC,MineCartC,,,,,,,,,,,,,,,,,,
MineCartD,MineCartD,,,,,,,,,,,,,,,,,,
MineCartE,MineCartE,,,,,,,,,,,,,,,,,,
SansBossDefault,SansBossDefault,,,,,,,,,,,,,,sans_boss_tex.png,sans_boss_tex.png,sans_boss_tex.png,sans_boss_tex.png,
,,,,,,,,,,,,,,,,,,,
,,,,,,,,,,,,,,,,,,,
